:020000040800F2
:1000000000040020B9010008BB010008BB01000882
:10001000BB010008BB010008BB010008BB010008D0
:10002000BB010008BB010008BB01000815DA00088D
:10003000BB010008BB010008BB0100084FEC000831
:10004000BB010008BB010008BB010008BB010008A0
:10005000BB010008BB01000875360008B536000872
:10006000F5360008393700087D370008BB01000865
:10007000BB010008BB01000819F30008BB01000820
:10008000C1370008BB010008BB010008BB01000824
:10009000BB010008BB010008BB010008BB01000850
:1000A000BB010008BB01000805EF000819EF0008BC
:1000B000BB010008BB010008BB010008BB01000830
:1000C0006DEC000861380008BB0100081539000814
:1000D000BB010008BB010008BB010008BB01000810
:1000E00072B6264880F30888254880F30988254899
:1000F00025490860022080F31488BFF36F8F0DF04C
:10010000A3F90CF07FFF4FF0553020491B4A914274
:100110003CBF41F8040BFAE71D49194A91423CBF24
:1001200041F8040BFAE71B491B4A1C4B9A423EBF9D
:1001300051F8040B42F8040BF8E700201849194A5B
:1001400091423CBF41F8040BFAE70DF081F90DF044
:100150007CF9154C154DAC4203DA54F8041B884762
:10016000F9E707F085FE124C124DAC4203DA54F861
:10017000041B8847F9E70DF069B90000000400206E
:10018000000C00200000000808ED00E00000002046
:1001900000040020AC170108000C0020CC10002047
:1001A000D0100020C03C0020E0000008E000000863
:1001B000E0000008E000000892E700F000F8FEE729
:1001C0002DE9F04FC1F80CD0C3689D46BDE8F08F13
:1001D000002383F311882846A04700200DF04EFB32
:1001E000FEE70DF07FFA00DFFEE7000053B94AB9E1
:1001F000002908BF00281CBF4FF0FF314FF0FF302F
:1002000000F076B9ADF1080C6DE904CE00F006F807
:10021000DDF804E0DDE9022304B070472DE9F04782
:10022000089E0D4604468846002B4DD18A429446CE
:1002300068D9B2FA82F252B101FA02F3C2F1200196
:1002400020FA01F10CFA02FC41EA030894404FEA5B
:100250001C41B8FBF1F71FFA8CFE01FB178807FB66
:100260000EF0230C43EA084398420AD91CEB03031F
:1002700007F1FF3580F01E81984240F21B81023F5A
:1002800063441B1AB3FBF1F001FB103300FB0EFEBD
:10029000A4B244EA0344A6450AD91CEB040400F1C5
:1002A000FF3380F00981A64540F20681644402389C
:1002B0000021A4EB0E0440EA07401EB10023D44005
:1002C000C6E90043BDE8F0878B4208D9002E00F054
:1002D000EE800021C6E900050846BDE8F087B3FAC4
:1002E00083F100294AD1AB4202D3824200F2FC8062
:1002F000841A65EB030301209846002EE2D0C6E97C
:100300000048DFE702B9FFDEB2FA82F2002A40F0CD
:100310009180A1EB0C0001214FEA1C471FFA8CFED3
:10032000B0FBF7F307FB1300250C45EA00450EFB75
:1003300003F0A84208D91CEB050503F1FF3802D2EF
:10034000A84200F2CE8043462D1AB5FBF7F007FB1A
:1003500010550EFB00FEA4B244EA0544A64508D998
:100360001CEB040400F1FF3502D2A64500F2B68072
:100370002846A4EB0E0440EA03409EE7C1F12007A3
:100380008B4022FA07FC4CEA030C25FA07FA4FEAE5
:100390001C49BAFBF9F820FA07F309FB18AA8D40AB
:1003A0001FFA8CFE1D4300FA01F308FB0EF02C0C23
:1003B00044EA0A44A04202FA01F20BD91CEB0404FD
:1003C00008F1FF3A80F08880A04240F28580A8F1D1
:1003D00002086444241AB4FBF9F009FB104400FB42
:1003E0000EFEADB245EA0444A64508D91CEB040450
:1003F00000F1FF356CD2A6456AD90238644440EA60
:100400000840A0FB0295A4EB0E04AC42C846AE46E1
:1004100056D353D0002E69D0B3EB080264EB0E0420
:1004200022FA01F304FA07F71F43CC40C6E900742F
:10043000002147E70CFA02FCC2F1200125FA01F382
:100440004FEA1C4720FA01F195400D43B3FBF7F149
:1004500007FB11331FFA8CFE280C40EA034001FB16
:100460000EF3834204FA02F408D91CEB000001F1F8
:10047000FF382FD283422DD902396044C01AB0FB15
:10048000F7F307FB1300ADB245EA004503FB0EF09E
:10049000A84208D91CEB050503F1FF3816D2A84283
:1004A00014D9023B6544281A43EA014138E7314632
:1004B000304607E72F46E4E61846F9E64B45A9D251
:1004C000B9EB020865EB0C0E0138A3E74346EAE7F7
:1004D000284694E74146D1E7D0467BE7644402389A
:1004E00047E7023B65442FE7084606E73146E9E661
:1004F000704700BF062008B500F0E0FA01200EF0BA
:10050000EFF900BF024B0146186800F06DB900BF5B
:10051000000C0020024B0146186800F0FFB800BF35
:10052000000C0020032A10B516D940EA010C1CF07B
:10053000030F04460B4622D119462046D1F800E0AD
:10054000D0F800C00433F44504F1040417D1043A90
:10055000032A20461946EFD8541EA2B100F1FF3CF1
:10056000013901E0C3180CD01CF801EF11F8012F7C
:10057000A4EB0C039645F5D0AEEB020010BD541E63
:10058000ECE7184610BD104610BD00BF844641EA96
:10059000000313F0030349D1403A23D30B680360EF
:1005A0004B6843608B688360CB68C3600B690361F1
:1005B0004B6943618B698361CB69C3610B6A0362D9
:1005C0004B6A43628B6A8362CB6AC3620B6B0363C1
:1005D0004B6B43638B6B8363CB6BC36340304031A6
:1005E000403ADBD230320BD30B6803604B68436078
:1005F0008B688360CB68C36010301031103AF3D23F
:100600000C3205D351F8043B40F8043B043AF9D2CC
:10061000043208D0D2071CBF11F8013B00F8013B9F
:1006200001D30B8803806046704700BF082A13D3AC
:100630008B07B1D010F00303AED0C3F10403D21A7C
:10064000DB071CBF11F8013B00F8013BA4D331F8D4
:10065000023B20F8023B9FE7043AD9D3013A11F854
:10066000013B00F8013BF9D20B7803704B784370E3
:100670008B78837060467047830730B548D0541E2E
:10068000002A3FD00346CAB201E0013C3AD303F846
:10069000012B9D07F9D1032C2DD9CDB245EA0525B3
:1006A0000F2C45EA054536D9A4F1100222F00F0CB3
:1006B00003F1200EE6444FEA121C03F1100242E956
:1006C000045542E9025510327245F8D10CF101028D
:1006D00014F00C0F03EB021204F00F0C13D0ACF16A
:1006E000040323F003030433134442F8045B9342EE
:1006F000FBD10CF003042CB1CAB21C4403F8012B4B
:100700009C42FBD130BD64461346002CF4D1F9E77E
:1007100003461446BFE71A46A446E0E7002952D034
:1007200038B551F8043C0C1F002BB8BFE41805463F
:1007300000F0F0FA2B4A1368002B45D0A3420CD9E5
:1007400021686018834228D0636028461460BDE8A1
:10075000384000F0E1BAA3420FD81A465B68002B7C
:10076000F9D11168501884421DD034D363605460AD
:100770002846BDE8384000F0CFBA11685018A042B2
:1007800015D028D8216860188342EFD118685B68BB
:100790000144C4E900135460EAE718685B68014447
:1007A000C4E90013D1E7236819441160E0E7206829
:1007B0000144501883421160DAD1D3E900030144A7
:1007C000C2E90013D4E77047284663601460BDE8AF
:1007D000384000F0A1BA0C2328462B60BDE8384011
:1007E00000F09ABAD0100020F8B5CD1C25F0030512
:1007F00008350C2D38BF0C25002D064623DBA942F9
:1008000021D8264F00F086FA3A6822B3144603E056
:1008100063682246FBB11C4623685B1BF8D40B2B94
:1008200015D8636894420CBF3B605360304600F0BB
:1008300073FA04F10B00231D20F00700C21A01D047
:100840001B1AA350F8BD0C2300203360F8BD2360B1
:100850001C442560EAE77968D1B1294630460EF09C
:1008600023F8431C01460CD0C41C24F00304A0420E
:1008700005D03046611A0EF017F8013001D025601E
:10088000D4E70C233046336000F046FA0020F8BD70
:1008900030460EF009F87860DFE700BFD010002086
:1008A00038B5124B04461D68AA6B1AB10023C2E981
:1008B000044338BD1820FFF725FE0246A86378B12F
:1008C00000210B2301209381C2E90401084B09494F
:1008D000094DC2E9011300231560C2E9044338BD84
:1008E0004221064B064800F0CDF900BF000C002065
:1008F000ECDE050034126DE60E33CDABDC160108DC
:10090000F416010838B5194B1C68A26B8AB113693B
:100910001749546903FB01F1164800FB0411A3FBBE
:100920000030013341EB0001C2E9043121F0004005
:1009300038BD1820FFF7E6FD0246A06388B1012408
:1009400000250B230A480C49C2E904451160014601
:100950000A4D0B4C93810B4BC2E90154C2E904319F
:1009600038BD4E21084B094800F08CF9000C0020DE
:100970002DF451582D7F954C0E33CDAB34126DE6CE
:10098000ECDE05002E7F954CDC160108F4160108FC
:1009900038B5446C0CB1002038BD80210546FFF706
:1009A00023FF0246686430B1031F7C3243F8044FD2
:1009B0009342FBD1EFE74FF0FF3038BD1F29F8B568
:1009C000054608D8466C0C4617464EB156F824002A
:1009D00046F82470F8BD16234FF0FF302B60F8BDA9
:1009E0008021FFF701FF0646686440B10021031F24
:1009F00000F17C0543F8041F9D42FBD1E6E74FF070
:100A0000FF30F8BD1F2938B5054620D8426C0C468A
:100A10006AB152F8213053B1012B16D0591C10D0B5
:100A20000025204642F824509847284638BD2846DD
:100A300000F0F8F8224601462846BDE8384000F0AC
:100A4000DDB8162301202B6038BD002038BD1623E9
:100A50004FF0FF302B6038BD1F292BD8426C38B5C2
:100A60000C46054682B152F8243002EB84024BB1A9
:100A7000591C1AD0012B16D0002520461560984726
:100A8000284638BD012038BD8021FFF7ADFE024663
:100A9000686460B10020131F02F17C0143F8040F69
:100AA0009942FBD1DFE7032038BD022038BD4FF06B
:100AB000FF3038BD4FF0FF30704700BF38B5144BE2
:100AC0001F281D681FD86A6C044662B152F8203096
:100AD0004BB1012B15D0591C0FD0002542F82050E6
:100AE0009847284638BD284600F09CF82246014623
:100AF0002846BDE8384000F081B8162301202B605D
:100B000038BD002038BD16234FF0FF302B6038BDB4
:100B1000000C0020124B1F2870B51E6808D80D4627
:100B2000716C044649B151F8240041F8245070BD5D
:100B300016234FF0FF30336070BD80213046FFF741
:100B400053FE0146706440B10022031F00F17C0C8B
:100B500043F8042F6345FBD1E5E74FF0FF3070BD4C
:100B6000000C002038B50B4B1D686C6C0CB10020DC
:100B700038BD80212846FFF737FE686438B1031F6F
:100B800000F17C0243F8044F9342FBD1EFE74FF0B2
:100B9000FF3038BD000C002038B5174B1F281D68EA
:100BA00027D86A6C044682B152F8243002EB8402E2
:100BB0004BB1591C1BD0012B17D0002520461560C6
:100BC0009847284638BD012038BD80212846FFF7C8
:100BD0000BFE0246686460B10020131F02F17C0125
:100BE00043F8040F8B42FBD1DEE7032038BD02201F
:100BF00038BD4FF0FF3038BD000C002070B5002626
:100C0000074D0446084611462E600DF071FE431C48
:100C100000D070BD2B68002BFBD0236070BD00BFDF
:100C2000D81000200DF06CBE20F0030110F003007E
:100C3000C0F1000051F8043B00F1040C4FEACC0C69
:100C40006FF000021CBF22FA0CF213434FF0010CAC
:100C50004CEA0C2C4CEA0C4CA3EB0C0222EA0302EB
:100C600012EACC1204BF51F8043B0430F4D0C2F1B4
:100C7000000102EA0102B2FA82F2C2F11F0200EBA5
:100C8000D2007047144600B51A460A4B0D461B6841
:100C900085B0DE6803464CB10749019130460749EB
:100CA0000294009500F022F8FFF724FC04490C465A
:100CB000F3E700BF000C00202817010838170108CF
:100CC0003417010808B513460022FFF7DBFF00BF09
:100CD0000CB400B583B004AB53F8042B019300F0BF
:100CE00057F803B05DF804EB02B070470EB400B5DE
:100CF000074A82B003AB0146106853F8042B0193F6
:100D000000F046F802B05DF804EB03B0704700BF96
:100D1000000C0020704700BF704700BF9368013B84
:100D2000002B936005DAD2F818C0634507DB0A2967
:100D300005D01368581C106008461970704700F001
:100D400069BB00BF9BB1F8B5134406460F46541E5D
:100D50005D1E01E0AC4208D03A46304614F8011F4F
:100D6000FFF7DCFF431CF5D1F8BD0020F8BD0020E3
:100D7000704700BF936810B5144613B91846536006
:100D800010BD00F031FE0023C4E9013310BD00BFE7
:100D90002DE9F04F0E4692461C4607469FB018B10B
:100DA0008369002B00F0A880954B9E4200F0AA803A
:100DB000944B9E4200F0B580934B9E4208BFFE6864
:100DC000B389180740F1A3803369002B00F09F809E
:100DD000002320220B9330239AF80010059401255C
:100DE0008A4C8DF831208DF8323000297DD0D146E3
:100DF0000B4604E019F8013F002B00F09480252BEE
:100E0000F8D1B9EB0A0B40F0918099F80030002B33
:100E10006BD000234FF0FF3209F10109CDE9072320
:100E2000069309938DF85B301C9304E0001B05FAD0
:100E300000F018430690CA460522204619F8011B07
:100E400001F01CF8069B0028F0D1D90644BF2022EF
:100E50008DF85B201A0748BF2B229AF8001048BF74
:100E60008DF85B202A2972D1059A11680432002975
:100E70000592C0F2A08009919AF801100AF1010AC6
:100E80002E2976D0DFF888910322484600F0F6FF3D
:100E900048B14022069BA0EB090002FA00F0034390
:100EA0000AF1010A06931AF8011B062259488DF827
:100EB000301000F0E3FF002800F08380564B002B39
:100EC0006CD005A9009132463846544B06A9AFF3C1
:100ED00000800390039B013307D00B9B039A9AF881
:100EE000001013440B93002981D1B3895B0615D4FC
:100EF0000B981FB0BDE8F08F00F056FD404B9E42AE
:100F00007FF456AF7E68B38918073FF55DAF314671
:100F1000384600F0E1FA00283FF45AAF4FF0FF30B6
:100F2000E7E7BE684CE7B9EB0A0BDED0D046CAF162
:100F3000010A03E0934538D918F8011F32463846B4
:100F4000FFF7ECFE01300AEB0802F3D1CDE7A1F187
:100F50003002092A94D8099B1AF8011F03EB830376
:100F600002EB4303A1F13002092AF5D92E29099396
:100F700088D19AF801102A292DD1059B0AF1020087
:100F80001A680433002A0593B8BF4FF0FF339AF86C
:100F9000021007928246B8BF079373E7059B073399
:100FA00023F007030833059397E70B9A99F800306D
:100FB0005A440B922BE7494243F0020309910693EE
:100FC0005AE705A9009132463846144B06A900F0AD
:100FD000CBF803907EE70023A1F13002092A0AF141
:100FE000010A07933FF64EAF1AF8011F03EB830384
:100FF00002EB4303A1F13002092AF5D9079341E737
:1010000014080108F4070108D4070108681701084B
:10101000701701087417010800000000450D000852
:101020008C4600B586461346034A714610685DF843
:1010300004EB6246FFF7ACBE000C00202DE9F04740
:1010400091461E460A698B680C469A42B8BF1A46FA
:10105000C9F8002091F843300546DDF8208013B12F
:101060000132C9F80020226891065DD5D9F8003018
:101070000233C9F80030226812F0060F11461ED163
:10108000E168CB1A002BD8BF114618DD002704F108
:10109000190A06E0D9F80030E268A2EB030CBC455F
:1010A0000CDD0123524631462846C047013007F186
:1010B0000107EFD14FF0FF30BDE8F087216894F8C9
:1010C0004330003B18BF01238A060AD53021E218BD
:1010D00082F8431094F845105A1C2244023382F8D7
:1010E00043103146284604F14302C0470130E1D0A5
:1010F000236803F00603042B1DD0A36822699342E2
:1011000025DD00279B1A1F4404F11A09002401E081
:10111000BC421CDA01234A4631462846C04701300A
:1011200004F10104F4D1C5E712F0060F12D0003B20
:1011300018BF0123D5E7D9F80030E1682269C91A40
:10114000A36821EAE1779342DCDC0029DCDC0020A3
:10115000BDE8F087E168D9F80030CB1A002BD8BF82
:10116000114693DCABE700BF2DE9F04317460A7E3A
:1011700085B00C46064698460C9D01F1430C002AAA
:1011800033D0A2F15803D9B2202967D8202B65D8D3
:10119000DFE813F0DD0064006400640064006400B4
:1011A00064006400640064006400A3006E006400D6
:1011B0006400640064006E00640064006400640005
:1011C00021007F00BF0064006400AE0064007F0067
:1011D00064006400E40023681A0640F102812B6871
:1011E0006269191D29601B681A600023E1462361AA
:1011F0003B4621463046CDF8008003AAFFF71EFF8C
:10120000013020D04A46394630462369C047013074
:1012100019D02368E0689B07039919D5431A002B5E
:1012200016DD002504F1190904E0E0680399431A6A
:10123000AB420DDD01234A4639463046C0470130F6
:1012400005F10105F1D14FF0FF3005B0BDE8F083A5
:101250008842B8BF084605B0BDE8F083012384F892
:10126000422004F142092361002384F84330BFE7A0
:101270002368190602D45A0600F1BF8029680A685B
:10128000043129601146002A6ADB0A25DFF87CE177
:1012900010E02368180640F19A802B68191D296018
:1012A00019686F2A0CBF08250A25DFF860E10023C2
:1012B00084F843306268002AA2607DDB236823F053
:1012C00004032360002959D1002A77D1E146082D73
:1012D00063D0ACEB090323618AE701222B6804F198
:1012E0004209196804332B6084F842102261BBE77D
:1012F0002B6800211A1D2A60D3F8009062684846C6
:1013000000F0BCFD00287FD0A0EB090060602061E8
:10131000AAE7236843F0200323607822DFF8F0E097
:1013200084F845202A68111D2960190642D45D06FB
:1013300040D51188D80744BF43F02003236000291B
:1013400043D12368102523F020032360AFE75823FF
:10135000DFF8B8E084F845302368E3E72368DCE78A
:101360002D2284F8432062684942002AA26002DBF1
:1013700023F0040323600A25DFF890E0E146B1FB87
:10138000F5F30A4605FB131019461EF80030AA4271
:1013900009F8013DF3D2082D9BD12368D90798D5D0
:1013A000626823699A4294DC302309F1FF3989F895
:1013B00000308EE71168BDE70029DFD19EF80030CC
:1013C00004F1420984F8423081E710256FE713F0F9
:1013D000400F2B6803F1040129600CBF19681988BC
:1013E0005FE713F0400F2B68626903F10401296085
:1013F0001B6814BF1A801A60F7E62A68B2F9001059
:1014000004322A600A463EE7606880E77C170108DC
:1014100090170108F8B506460D46144608B18369D1
:1014200043B3254B9C422AD0244B9C4229D0244BC9
:101430009C4208BFF468A269A389A2601A0722D55A
:10144000236903B322686169D31AEDB299422F462A
:1014500029DD0133A1680139A160511C216015709B
:1014600062699A4216D0A389DB0701D50A2D11D0F3
:101470003846F8BD00F098FA0F4B9C42D4D17468FE
:10148000D9E7B468D7E72146304600F025F838B9E7
:101490002369D7E72146304600F024F90028E7D039
:1014A0004FF0FF37E4E72146304600F01BF90028F3
:1014B000F6D101232268CDE714080108F4070108DA
:1014C000D407010803460A46024908681946FFF78F
:1014D000A1BF00BF000C00203C4B70B51D68064644
:1014E0000C460DB1AB69E3B1394B9C421FD0394B6F
:1014F0009C424DD0384B9C4208BFEC68B4F90C308C
:1015000018079AB219D5216911B312F001002FD032
:1015100000256069A5604042A06100292ED000200E
:1015200070BD284600F040FA294B9C42DFD16C6820
:10153000B4F90C3018079AB2E5D4D1063ED552075B
:1015400028D4216943F00803A3819AB20029DCD191
:1015500002F42070B0F5007FD7D02146304600F06D
:10156000FFFBB4F90C3021699AB212F00100CFD11F
:10157000950758BF6069A0600029D0D1120658BFF6
:101580000846CDD543F040034FF0FF30A38170BD36
:10159000AC68B3E7616B51B104F14402914204D0ED
:1015A0003046FFF7BBF8B4F90C300022626300222A
:1015B000216923F02403C4E90012C3E7092243F0A0
:1015C000400332604FF0FF30A38170BD000C00205B
:1015D00014080108F4070108D4070108F8B58B893D
:1015E0000C46190707463BD46268002A55DDE66AB7
:1015F000002E50D000223D683A6013F4805250D142
:1016000001233846216AB047421C5CD0A389E66AB0
:101610005B0705D56368C01A636B0BB1236CC01AF6
:101620000246216A00233846B047411C3BD13B6843
:10163000002B38D01D2B01D0162B4BD10023226953
:10164000C4E90023616B3D6029B304F1440399426E
:1016500002D03846FFF762F8002318466363F8BDEE
:101660002669C6B19A0718BF0023256808BF6369B9
:101670002660AD1BA3600CE02B463246D4F828C090
:101680003846216AE047B0F1000CA5EB0C05664432
:1016900012DD002DF0DC0020F8BD226C002AA6DC53
:1016A000F9E7606DB4E70022236962602360A389D3
:1016B000DB04C7D56065C5E7A3894FF0FF3043F071
:1016C0004003A381F8BD3B68002B9FD01D2B06D0A3
:1016D000162B04D0A38943F04003A381F8BD00205A
:1016E0003D60F8BD38B50B69BBB10C46054608B185
:1016F0008369B3B10D4B9C4211D00D4B9C4213D06A
:101700000C4B9C4208BFEC68B4F90C302BB121465D
:101710002846BDE83840FFF761BF002038BD6C683F
:10172000F2E700F041F9E5E7AC68EDE714080108DD
:10173000F4070108D407010838B540B3036904462B
:10174000E3B1174B1D680DB1AB69CBB1154B9C4292
:101750000FD0154B9C4221D0144B9C4208BFEC6823
:10176000B4F90C3053B121462846BDE83840FFF7A4
:1017700035BF6C68B4F90C30002BF4D1002038BDB3
:10178000284600F011F9074B9C42E2D1F1E7084BE3
:1017900008491868BDE8384000F0BEBAAC68DFE719
:1017A000000C002014080108F4070108D407010800
:1017B000D0070108E516000800207047014900F035
:1017C000ABBA00BFE516000800207047682270B56C
:1017D0004D1E02FB05F50E4605F17401FFF704F8F6
:1017E000044640B100210C30C4E9016005F16802F3
:1017F0002160FEF741FF204670BD00BF274B2DE959
:10180000F0411E680746B36953B34FF004084836E9
:10181000D6E90134013B04D51EE05A1C04F16804EA
:101820001AD0B4F90C50013B002DF6D11C4B082204
:101830002946C4E90055C4E90253C4E90455656664
:10184000A56104F15C00FEF717FFC4E90D55C4E97A
:1018500012552046BDE8F08135682DB12E46D7E7F8
:10186000304600F01FF8D0E74FF4D6713846FEF747
:10187000BBFF044668B1056029460546C0F80480F0
:101880000C304FF4D072A060FEF7F6FE34602E46A6
:10189000BEE70C2330603B60DBE700BFD0070108E8
:1018A0000100FFFF0023334A2DE9F0471268C0E929
:1018B00012339042036508BF01232F4908BF83619B
:1018C00081620546FFF79AFF034628466B60FFF7E3
:1018D00095FFA86028460024FFF790FF04236E6858
:1018E000DFF898A0DFF89890DFF89880264FE8603E
:1018F0000822F3602146C6E90044C6E90444746640
:10190000B460B46106F15C00FEF7B6FE1F4BC6E999
:10191000086AC6E90A983763AE680822F360214670
:10192000C6E90044C6E904447466B460B46106F1D3
:101930005C00FEF7A1FE164BC6E9086AC6E90A98E4
:101940003763EE682146F3600822C6E90044C6E921
:1019500004447466B460B46106F15C00FEF78CFE6A
:101960000123C6E9086AC6E90B87C6F82890AB616F
:10197000BDE8F087D0070108BD1700085520000812
:101980007D200008BD200008DD20000809000100BE
:1019900012000200024B0349186800F0BDB900BFF5
:1019A000D0070108E5160008836903B97AE7704794
:1019B000704700BF704700BF704700BF704700BF4F
:1019C000024B0349186800F087B900BF000C0020E3
:1019D000B9170008024B0349186800F07DB900BF31
:1019E000000C0020C91700089368002B00F0B78096
:1019F0002DE9F04FB1F90C300C4619078046174617
:101A000083B098B225D523691BB310F002033D685B
:101A10002DD04FF0000B5E46DFF8B8A2002E00F08C
:101A20008B80564533465A4628BF53464046216A66
:101A3000D4F828C0E047002840F38780BB6883447F
:101A40001B1A361ABB60002BE8D1002003B0BDE89A
:101A5000F08F21464046FFF73FFD002840F03681D9
:101A6000B4F90C303D6898B210F00203D1D110F0F7
:101A7000010976D14E46002E5AD08205D4F808B01E
:101A800040F1B580B3455A4600F2CD8010F4906F16
:101A900000F0CB8023682169A3EB010B636903EBA2
:101AA000430A0AEBDA7A0BF101034FEA6A0A33447C
:101AB0005345524684BF9A465246430540F1EA8058
:101AC00011464046FEF790FE002800F0F9805A4685
:101AD00021690190FEF75AFDA289019B22F49062D0
:101AE00042F08002A28103EB0B0023613246AAEB95
:101AF0000B03B346C4F814A0A3602060B2460026CE
:101B00004946019200F002FAA3682168019AA3EB0A
:101B10000B030A44A3602260B868D144A0EB0A001A
:101B2000B860002891D0B4F90C0080B2002EA4D186
:101B3000D5E9009608359EE7D5E900B608356DE78A
:101B400021464046FFF7CEFD80B3B4F90C304FF08C
:101B5000FF3043F04003A38103B0BDE8F08F0020C5
:101B600070471E46AA46994618461D4656B3002899
:101B700032D04A4620682169B24228BF32468842A4
:101B8000636904D9A16803EB010B5A4574DC9342E5
:101B900065DC2A464046216AD4F828C0E047B0F107
:101BA000000BD2DDB9EB0B09CAD00120BB685D4444
:101BB000A3EB0B03A6EB0B06BB60002B3FF445AF7A
:101BC000002ED4D10AF1080353F8046C9A4653F856
:101BD000085C0833002EF7D032460A21284600F070
:101BE0004DF9002869D00130A0EB0509C1E7206854
:101BF000236998421BD86369B34218D86FF0004C30
:101C0000B44528BFB4469CFBF3FC4A4603FB0CF3E7
:101C10004046216AD4F828C0E047B0F1000A94DDBC
:101C2000A6EB0A0678E7B3463246206866E7B34576
:101C3000DA4628BFB2464946524600F067F9A36823
:101C40002268A3EB0A035244A3602260002BE7D171
:101C500021464046FFF746FD0028E1D075E72946BA
:101C60009346019200F052F9A368019A9B1AA3606F
:101C700023681A44226095E729465A4600F046F93F
:101C8000236821465B4440462360FFF72BFD002874
:101C900088D05AE7404600F0B5F9034600287FF4A3
:101CA00022AF40462169FEF739FD0C22B4F90C3011
:101CB000C8F8002023F0800349E7721C914659E7D9
:101CC0000C22B4F90C30C8F8002040E74FF0FF3088
:101CD000BCE600BF00FCFF7F2DE9F04100268846EE
:101CE00000F14807D7E90154013D0ED4A389013D15
:101CF000012B06D9B4F90E30013302D02046C0477B
:101D000006436B1C04F16804F0D13F68002FE9D151
:101D10003046BDE8F08100BF2DE9F8434FF00009DF
:101D20000746884600F14806D6E90154013D10D423
:101D3000A389013D012B08D9B4F90E30013304D039
:101D400021463846C04749EA00096B1C04F1680483
:101D5000EED13668002EE7D14846BDE8F88300BFD3
:101D6000F0B58B890C46990797B007D5012204F18D
:101D70004703C4E90432236017B0F0BDB4F90E1074
:101D8000054600292DDB6A460CF09BFD002827DB69
:101D9000019E4FF4806706F47046A6F50056B6FA29
:101DA00086F6394628467609FEF71EFD30B3A3892C
:101DB0001A4A43F08003AA62C4E90407A3812060A1
:101DC000002ED9D02846B4F90E100CF086FD00285C
:101DD000D2D0A38923F0030343F00103A381CBE70F
:101DE000A38913F0800F14BF40274FF48067284663
:101DF00039460026FEF7F8FC0028D8D1B4F90C309B
:101E00009A05B9D4012123F0030304F1470243F0FA
:101E10000203C4E90421A3812260ADE7BD170008D5
:101E200070B50C46B1F90E10164600291D4696B045
:101E300013DB6A460CF045FD00280EDB01994FF4D8
:101E4000806301F47041A1F50051B1FA81F10020E5
:101E500049092960336016B070BD0022B4F90C3016
:101E60002A601B0604D540230020336016B070BDE5
:101E70004FF480630020336016B070BD5FFA81FCC0
:101E8000810710D00346511E2AB90AE09A07184666
:101E90000AD0013905D3184613F8012B6245F5D154
:101EA000704700207047114603290CD80029F8D04C
:101EB0000346014401E08B42F3D0184613F8012B8E
:101EC0006245F8D1ECE7024610B54CEA0C2444EA2E
:101ED00004441046036804326340A3F1013E2EEA35
:101EE000030313F0803F04D1043903291046F0D8CE
:101EF00051B10346014401E08B4205D0184613F866
:101F0000012B6245F8D110BD002010BD88420DD9CB
:101F10008B1883420AD900EB020CBAB1624613F85F
:101F200001CD994202F801CDF9D170470F2A0ED8A0
:101F3000034602F1FF3C4AB10CF1010C013B8C4419
:101F400011F8012B614503F8012FF9D1704740EAE0
:101F500001039B074FD1A2F1100370B501F1200CD2
:101F600023F00F0501F1100E00F11004AC441B0921
:101F70005EF8105C0EF1100E44F8105C5EF81C5C0C
:101F8000103444F81C5C5EF8185C44F8185C5EF889
:101F9000145CE64544F8145CEAD1013312F00C0FEE
:101FA00001EB031102F00F0400EB031327D08E4660
:101FB000043C24F003064FEA940C1E441C1F5EF8F8
:101FC000045B44F8045FB442F9D10CF1010402F05F
:101FD000030203EB840301EB840102F1FF3C4AB1ED
:101FE0000CF1010C013B8C4411F8012B614503F805
:101FF000012FF9D170BD034602F1FF3C9CE7224658
:10200000EBE700BFF8B51446F9B1CAB106460D4674
:1020100000F068F8A04202D32F463846F8BD2146AA
:102020003046FEF7E1FB07460028F6D02246294657
:10203000FEF7ACFA30462946FEF770FB3846F8BD8D
:102040002746FEF76BFB3846F8BD1146BDE8F84061
:10205000FEF7CABB10B50C46B1F90E100CF019FC16
:10206000002803DB636D0344636510BDA38923F47B
:102070008053A38110BD00BF002070472DE9F041BF
:102080000C46B1F90C101F46CB05054616460BD47D
:1020900021F48051A1813B4632462846B4F90E1006
:1020A000BDE8F0410CF0FCBBB4F90E100223002295
:1020B0000CF0F4FBB4F90C10EAE700BF10B50C46C5
:1020C000B1F90E100CF0EAFBA389421C0EBF23F4F9
:1020D000805343F480536065A38110BDB1F90E10A5
:1020E0000CF0E0BB51F8040C0028A0F10400BCBFC8
:1020F0000B58C018704700BF0F4A0023114610B597
:10210000147C844211D11C225343CA18906858B1E0
:10211000CB58FF281FBF58434000013050604FF09C
:10212000010004BF0133536010BD01330A2B02F1DB
:102130001C02E5D10020F7E7200E0020F0B50A4E82
:1021400000253446377C874207D11C2000FB054020
:102150000176427683760120F0BD01350A2D06F125
:102160001C06EFD10020F7E7200E0020094A30B509
:1021700000231446157C854205D11C22012002FB58
:102180000343996030BD01330A2B02F11C02F1D1E7
:102190000020F7E7200E0020094A30B5002314463E
:1021A000157C854205D11C22012002FB03435960A6
:1021B00030BD01330A2B02F11C02F1D10020F7E7F8
:1021C000200E002070B50B4C00232546267C86424D
:1021D00009D11C204343E818E95000238260C36002
:1021E0004374012070BD01330A2B04F11C04EDD1AE
:1021F0000020F7E7200E002070B500252E462B4C5E
:102200006368002B4FD0E06808BB637CB3FA83F3AC
:102210005B0963740AF0A6FBD4E900239342E060F3
:102220002BD266606674E66063690BB1207C9847C8
:10223000207CFF2824D100221146104608F0FCFA29
:102240000735462D04F11C04DAD1012070BD0AF0D7
:10225000CDFB23689842D8D26368002BE4D0204697
:1022600002F05AFE0028EBD0637C207CB3B1FF283B
:102270000CD1A27E617E207EE0E79B1A6360EBE7D3
:102280003128DDD800231A46194604E03128D7D872
:10229000A37E627E217E07F043FCD1E7FF28CAD0EF
:1022A0003128CDD8EFE76374E360C9E7200E002042
:1022B00007B543788DF8003083788DF80130C37806
:1022C0008DF8023043798DF80330037968468DF834
:1022D00004300EF0EFF803B05DF804FB08B5074BCF
:1022E0005A78032A07D858680AF080FBC72894BF99
:1022F0000020012008BD0020FCE700BFA40C002046
:102300007047002280214FF0804008B50CF069FC36
:10231000FFF7F6FF00BF00BF00BF00BF00BF00BF58
:1023200000BF00BF00BF00BF00BF00BF00BF00BFB5
:1023300000BF00BF00BF00BF08BD08B501F05AFBD9
:1023400008BD000008B5054C20780DF0ABFB2078E7
:10235000FFF7F3FF05200BF096FAF5E73039002080
:102360000B4B10B51B780B4C23B94FF480732380B3
:102370000123A370E37843F00E03E3700AF0F2FA4E
:10238000054B18602068BDE8104005F0D0B800BFCC
:10239000ED10002030390020E010002010B5064C70
:1023A0000122204602210CF01CFC0223A361BDE89F
:1023B000104001F0C5BB00BF000400400120704781
:1023C000144B10B51C78BCB9134B1B78042B13D1DC
:1023D00004F09AFF04F0AEFF04F060FF04F0DAFFAF
:1023E00006F0B6F906F0D0F920460AF051F9204679
:1023F000BDE810400AF068B90EF060F848B10DF081
:1024000047FB0028FBD1BDE810404CF250300BF0E8
:102410003ABA10BD303900206C3C002038B500239A
:102420000C46084D0B7030B10AF09CFA002328606E
:102430002370002038BD28680AF0D8FA3228F3D873
:10244000F7E700BFF01000200C4A9378012B0FD063
:10245000022B11D033B90A4B1B781BB9094B1B78DF
:10246000042B09D1084B1868B0FA80F04009704776
:1024700050780128F6D170470120FCE7A40C002019
:10248000303900206C3C00205812002008B5054B64
:102490009B78013B012B02D9FFF7D6FF08BD012035
:1024A000FCE700BFA40C002008B50AF05BFA014B62
:1024B000986008BDA40C002010B50B4C2378207048
:1024C00063700AF04FFA6060FFF7EEFF00F072FEF3
:1024D0000022064B1A70237823B9BDE81040532020
:1024E0000DF068BF10BD00BFA40C0020EC10002050
:1024F000F8B50C461546074660B300293FD0884220
:1025000001D0FFF75DFF584E3378013B012B04D813
:102510000320FFF7D1FF0023B370544E3378A3425A
:1025200000D11DB10022524B9A619A83347024B1BC
:10253000631E042B747098BFB470306804F0F7FF0A
:102540003378062B00F28980DFE803F0852A4650B5
:102550005A646E000029D6D00222464B464E9A613C
:102560003378012BCDD030460CF01AFB30460BF0FF
:10257000E5FE4248424B83600AF056F8C1E74FF44B
:1025800000323C4B3C489A610378042BB9D03D4B58
:102590003A4E19703C4BB3600AF08EFC3046EBE7C4
:1025A000312075B10DF006FF52200DF003FF012020
:1025B0000DF00CFF4EF27A4143F22D400DF05CFF1E
:1025C00051200DF0F7FEFFF76FFF2A4621463846EF
:1025D00001F0F2FE0120F8BD3220002DF1D00DF007
:1025E000E9FE52200DF0E6FE0220E1E73320002D47
:1025F000E7D00DF0DFFE52200DF0DCFE0320D7E720
:102600003420002DDDD00DF0D5FE52200DF0D2FE8D
:102610000420CDE73520002DD3D00DF0CBFE522085
:102620000DF0C8FE0520C3E73020002DC9D00DF005
:10263000C1FE122115480DF0EFFE0E2114480DF0D9
:1026400003FF4EF27A4143F22D400DF015FF522068
:102650000DF0B0FEB4E71120B3E711200DF0AAFE93
:10266000FFF77EFEAFE700BFA40C0020303900204A
:10267000640C0020000400406C3C0020AC100020E2
:10268000B1220008782900207DCF00083408010815
:1026900048080108002313B50DF107018DF8073034
:1026A000FFF7BCFE044690B19DF80730013B032BB9
:1026B0000DD8DFE803F002060F1200221146094B85
:1026C00002E00022074B99781878FFF711FF2046A7
:1026D00002B010BD00220621F1E7024B002259781A
:1026E000F2E700BF3039002013B5124C20460DF040
:1026F00061F90123A37704F017FF0F4C206008B99C
:10270000FFF72EFEE37843F00103E3700AF02AF9A5
:102710000A4BFF22186000234FF4A8710093084869
:10272000084B0BF07DF8FFF7ECFD0120FFF7B2FF3F
:1027300002B010BD640C002030390020E0100020F1
:10274000F81000204523000848B1074A1378013BE0
:10275000012B07D893782BB90320FFF7ADBE0122D8
:10276000024B1A70704700BFA40C0020EC10002030
:10277000014B1878704700BFA40C0020014B9870E3
:10278000704700BFA40C0020014BD870704700BFF9
:10279000A40C00200122014B1A707047EC1000209D
:1027A000F8B51C4C1C4EE378B268C3F342031AB967
:1027B000FFF77AFE0020F8BD184A52F8235023781C
:1027C0002BB9174B1B78042B01D1FFF76DFE154F6A
:1027D0003B7893B100233B704FF080431B69E27854
:1027E000DB0963F300022378E27073B102F03CF876
:1027F0000028DFD101F032F9DDE7002DDAD0B06832
:102800000AF0F4F8A842E5D2D4E7054B1B78042B74
:10281000ECD1CDE730390020A40C0020F0080108ED
:102820006C3C0020EC10002010B50B4B5A78012AAC
:1028300003D0022A08D0002005E09C78012C03D1A7
:1028400001F070F9204610BD58680AF0CFF8C7288B
:10285000F1D9FFF7F9FDF6E7A40C002010B5074BFE
:10286000D87810F0FD0404D10220FFF725FE2046A1
:1028700010BD0320FFF720FE0120F9E7A40C002083
:1028800038B50A4D0024EB78033B012B08D8032010
:10289000FFF712FE2046AC7001F0F0F8012038BDC1
:1028A0000220FFF709FE2046F9E700BFA40C002034
:1028B00038B50A4D0024EB78033B012B08D80320E0
:1028C000FFF7FAFD2046AC7001F0F8F8012038BDA2
:1028D0000220FFF7F1FD2046F9E700BFA40C00201D
:1028E00070B59D4C9D4D2068B0B10AF07FF8B0F5F1
:1028F000FA6F11D30026552026600DF05BFD57209E
:102900000DF058FD70200DF055FD29783246B1FAD2
:1029100081F04009FFF7ECFD2B7823B1904B93F841
:102920002020904B1A702368DBB98F4E30680AF074
:102930005DF840F6B733984213D92B788BB10DF080
:10294000A7F870B9864CA37F5BB10AF00BF8306032
:1029500053200DF02FFD94F8213013B970200DF0A5
:1029600029FD4FF080431B69EA78DB097F4C63F354
:1029700000020020EA70FFF78DFE2378032B1ED89B
:10298000DFE803F002284FA6E36833B1984720B18F
:102990000120FFF791FD0023A370236933B198470D
:1029A00020B10120FFF788FD0223A370636933B1D2
:1029B000984720B10120FFF77FFD0123A3700DF0A0
:1029C000F3FB6B4B1B78002B00F0C580BDE870401B
:1029D00003F0F4BCA369002BF1D098470028EED097
:1029E00002F048FB634B187008F00EFD2A78624B2A
:1029F0001A7000225A4B9A772A68604B134063B9C9
:102A00005F4C2378012B08D002225E4B20469A614E
:102A10000CF0C6F820460BF091FC0220FFF74CFDAD
:102A2000CDE7E369002BCAD098470028C7D0002221
:102A3000554B1A704FF080434FF400129A612A6888
:102A40004E4B1340B3F1807F10D0A37853B3013BBA
:102A5000012B0BD86378022B08D0FFF7B1FC1120B3
:102A60000DF0A8FC0DF014F80028FBD100F0E0FFF9
:102A70000023E370404B2A781B789A4208D12A68D9
:102A80003E4B1340B3F1807F02D0A07800F082FC6F
:102A9000A378012B19D0022B14D0002B8FD1FFF774
:102AA000DDFE8CE72E4B5B7E002BDFD111200DF07D
:102AB00081FC0CF0EDFF0028FBD147F230500AF00A
:102AC000E2FED3E7FFF7DCFE79E7FFF7F1FE76E7FA
:102AD000236A002B3FF473AF984700283FF46FAF91
:102AE00001221F4B9A77234B1B782BB14FF0804369
:102AF00020229A6108F06EFC0120FFF7CBFD30B96F
:102B00002A780AB3697802460846FFF7F1FC0024E8
:102B10001D4B1C701D4BD3F8902042F40072C3F87B
:102B20009020D3F8902022F40072C3F8902000F097
:102B300073FFFFF7B9FC00F03DFB2046FFF7BCFC3C
:102B400053200DF037FC3AE70D4B1B78012BDED1FB
:102B500011466878D9E770BDE010002030390020B8
:102B6000640C002078290020E8100020A40C00202C
:102B7000E5100020DC100020E4100020FF00000120
:102B80006C3C002000040040EC100020000C0140D0
:102B90000120704708B5FFF7FBFF08BD37B50446B5
:102BA0000D46FFF781FC29462046FFF7F3FF60B191
:102BB000074B1A784AB1074B20461B78D909009178
:102BC000C3F30013A9780DF013FB03B030BD00BFB1
:102BD000303900204039002000B50B4B8FB0322136
:102BE00093F82130094A01A805F069FC01A809F011
:102BF000B3F90CF049FF09F0AFF9054809F0ACF959
:102C00000FB05DF804FB00BF640C002058080108F9
:102C1000690801082B4B13B51A7804464AB12A4BB0
:102C200001211B78DB09009300230DF0E1FA02B0CB
:102C300010BD0028FBD0031FDBB2A02B12D8234B02
:102C40000146186809F07AFD20B1204604F01EFB09
:102C500004F0A0FB204604F011FB02B0BDE81040D8
:102C600004F098BB00F12003DBB2072B07D800F07B
:102C700007040120A040C0B204F036FBEDE700F1EC
:102C80005B03DBB2022B06D8243880B202B0BDE869
:102C9000104009F0FDBC00F15803DBB21A2B07D835
:102CA0000B4A32F8130002B0BDE8104009F00CBD29
:102CB0003334E4B2122CBAD8012102B0BDE810407E
:102CC00003F062BC3039002040390020500F002052
:102CD000BA080108244B13B51A7804464AB1234BAD
:102CE0001B78DB090093002319460DF081FA02B02E
:102CF00010BD0028FBD0031FDBB2A02B06D804F0C8
:102D0000C5FA02B0BDE8104004F044BB00F1200356
:102D1000DBB2072B07D800F007040120A040C0B2A7
:102D200004F0EAFAEDE700F15B03DBB2022B05D811
:102D3000104602B0BDE8104009F0AABC00F15803EB
:102D4000DBB21A2B05D8104602B0BDE8104009F0DE
:102D5000BBBC3334E4B2122CC9D8114602B0BDE872
:102D6000104003F011BC00BF303900204039002072
:102D70002DE9F3410446C0B1114E3378C3B10127A8
:102D8000DFF84080204603F090FB054698F80030BD
:102D9000E030DB09009301210023327880B207FA8A
:102DA00005F50DF025FAAC43ECD102B0BDE8F08199
:102DB00004F09AFA02B0BDE8F04104F0EBBA00BFAB
:102DC00030390020403900202DE9F3410446C0B1DC
:102DD000114E3378C3B10127DFF84080204603F05D
:102DE00064FB98F800300546DB0900930023E030CF
:102DF0001946327880B207FA05F50DF0F9F9AC43BF
:102E0000ECD102B0BDE8F08104F076FA02B0BDE882
:102E1000F04104F0BFBA00BF303900204039002033
:102E20002DE9F3410446C0B1114E3378C3B10127F7
:102E3000DFF84080204603F038FB054698F8003064
:102E4000E030DB09009301210023327880B207FAD9
:102E500005F50DF0CDF9AC43ECD102B0BDE8F08141
:102E600004F058FA02B0BDE8F04104F093BA00BF94
:102E700030390020403900202DE9F3410446C0B12B
:102E8000114E3378C3B10127DFF84080204603F0AC
:102E90000CFB98F800300546DB0900930023E03076
:102EA0001946327880B207FA05F50DF0A1F9AC4366
:102EB000ECD102B0BDE8F08104F034FA02B0BDE814
:102EC000F04104F067BA00BF3039002040390020DB
:102ED0002DE9F04104460D4601F05EFB00284AD181
:102EE0002378013B202B54D8DFE803F011164E68FD
:102EF0006E7A7D7D7D53BE82868C97A2A5A8B35342
:102F0000535353535353535353535353C3000023F7
:102F100063700C23A37025E06378013B032B38D842
:102F2000DFE803F0020C0F2C09F01CFD030EA37068
:102F3000030CE370030A2371607113E008F0EDFCE9
:102F4000F4E72646A77804F11C08032F0AD8F8B244
:102F500004F054FE030AF37030710236B04507F1F5
:102F60000107F2D14D4B29461B782046002B40F03B
:102F700091800AF019F80120BDE8F0810023A370C8
:102F8000E37023716371EDE76378022B04D0052BA6
:102F900010D0FF232370E5E7E378A07840EA032010
:102FA000237940EA0340637940EA036000BA08F0FD
:102FB000BBFCD7E7A07808F0E1FCD3E7E278A17882
:102FC000607808F0D8FFB5E762792379A17843EA01
:102FD00002235BBAE27860789BB208F0E2FFC1E7B7
:102FE00008F0F4FFBEE72946204608F042FDB9E7A5
:102FF00009F04CF86070B5E709F04AF8030A63700D
:10300000A070AFE76078A378E17840EA032040BA87
:10301000221D80B209F03FF8A4E76078A378E17838
:1030200040EA032040BA221D80B209F050F899E727
:1030300009F062F896E708F092FFDBE76078A37882
:10304000E17840EA032040BA221D80B208F0E6FF92
:1030500088E76078A378E17840EA032040BA221D2F
:1030600080B208F0F2FF7DE701230D4A6370137010
:1030700078E762780B4B4AB1A1781A7819B142F01F
:1030800080021A706EE761F3C712FAE71B78C3F388
:10309000C0133FE70DF06AFA6DE700BF303900203A
:1030A000E51000204039002073B54378044613B181
:1030B000FF23237012E08378013B042BF8D8DFE86C
:1030C00003F0031D2C4665000378072B08D0082B5E
:1030D000EED1374BDB78C3F34203C37002B070BD4F
:1030E000C1780729FAD8324BDA7861F34302DA70F3
:1030F000186802B0BDE8704004F019BA0378072BD5
:1031000005D0082BD4D101F0C0FBE070E6E7C07811
:1031100002B0BDE8704001F087BC0378072B0AD0ED
:10312000082BC5D162792179E07801F0B0FBA0715C
:10313000000AE071D2E7C2798379017943EA022378
:103140004279C07802B0BDE8704001F0B6BB0378A8
:10315000072B0ED0082BABD1C0782379617940EAD8
:10316000032040BAA21D80B202B0BDE8704001F059
:10317000B9BBC0782379617940EA032040BAA21D27
:1031800080B202B0BDE8704001F0C7BB0378072BE6
:10319000C6D100F11905267AE379A27961792079FF
:1031A0000096053401F0DEFAA542F4D196E700BF9F
:1031B0003039002008B509F0D5FB014B186008BD77
:1031C00048120020164B10B51C788CB9154B1B7893
:1031D000052B08D0022B06D009F0C4FB124B186057
:1031E000124B1C7010BD4FF080431B691B0603D4AB
:1031F000BDE81040FFF7DEBF0B4B18680028F7D082
:1032000009F0F4FB41F657339842EBD9FFF7D2FFB0
:10321000BDE810400122054B1A70FFF7BBBA00BF92
:10322000303900206C3C0020481200204C12002055
:103230002DE9F0411B4C064625781DB1012420469E
:10324000BDE8F081FFF794FA0138012805D8032082
:10325000FFF732F92846FFF791FA94F80080B8F1A9
:10326000000FEBD1104D2B78052BE7D1B5F84C3082
:103270009B0702D50D4F3C7824B9FF2E94BF002444
:103280000124DCE7FFF774FA0328D7D887F8008019
:10329000FFF790FF28460BF0FDF8284601F0BCF937
:1032A000CDE700BF303900206C3C00204C120020DC
:1032B000704700001A4B70B59C6C0F2644F4C06434
:1032C0009C649B6C012301F003048B4021F00301FB
:1032D00001F1804101F5A0518D68A400C0F3832065
:1032E000A04006FA04F425EA040528438860D84380
:1032F0000C4912F0010F8C6814BF1C4304408C6011
:1033000012F0020FCA6814BF1A430240CA60054A8D
:10331000536111680B43136053680340536070BDE1
:10332000000C0140001800400F281FD8DFE800F013
:10333000080C0F121518181818181B1B1B1B1B1B29
:10334000062108460BF0DFBA06210720FAE706211E
:103350000820F7E706210920F4E706210A20F1E713
:1033600006211020EEE706212120EBE7704701201F
:10337000704708B5FFF7FBFF50B14FF080400122C6
:103380000721FFF797FFBDE808400720FFF7CCBFF4
:1033900008BD00002DE9F0473023054683F311886E
:1033A000FFF7E7FF4FF000090127904EDFF840825A
:1033B00056F8043B95B1012D4FD143454DD123F033
:1033C0000F0A03F00F0307FA03F4214605225046C3
:1033D00024040BF006FCCAF8184001E0581CEED19A
:1033E00009F10109B9F10E0FE2D104240127814E40
:1033F000DFF8049256F8040B002D3AD0012D40F06E
:10340000E880484540F0E58000F00F01202207FAEF
:1034100001F120F00F000BF0E4FB00BF00BF00BF84
:1034200000BF00BF00BF00BF00BF00BF00BF00BFA4
:1034300000BF00BF00BF00BF00BF00BF00BF56F805
:10344000040C032200F00F08414620F00F00FFF7A4
:1034500031FF4046FFF768FF0DE0591CC0D003F074
:103460000F01202207FA01F123F00F000BF0B9FB46
:10347000B6E7421CC8D1013CBCD122464FF40061E2
:103480005E480BF0AEFB00BF00BF00BF00BF00BF37
:1034900000BF00BF00BF00BF00BF00BF00BF00BF34
:1034A00000BF00BF00BF00BF00BF03220B21534875
:1034B000FFF700FF0B20FFF737FF84F3118872B688
:1034C0004FF0E0220120136923F0010313614C4BFC
:1034D0004C4A5A610022A30003F1604303F56143A3
:1034E000D3F80011D5B2012D94BF002101F00101E4
:1034F00009B1C3F880010132202AF1D10134082C2E
:10350000E8D1414C636843F0007363603F4B1A6835
:1035100002F009021A601A6842F46C3242F00402A6
:103520001A6040F2B3321A62394B43F001039847F4
:10353000236943F00403236130BF364B43F001039A
:1035400098474FF0E022236923F0040323611369B5
:10355000314C43F001031361E36943F08003E361FD
:10356000A36C43F40073A36409F04CFD04F07AFBF0
:1035700040F282324FF4006120480BF032FBE36CE2
:1035800043F00803E364E36CA36C43F48053A36447
:10359000A36CE36C43F01003E364E36CFFF788FE75
:1035A000002383F3118862B6D4F8903043F4C063EB
:1035B000C4F89030D4F8903023F4C063C4F890304D
:1035C000D4F89030A36C23F4C063A364A36CBDE86B
:1035D000F087431C3FF44FAF00F00F01402207FA81
:1035E00001F120F00F000BF0FCFA44E7100901088C
:1035F0000B040040A40901080D0800400008004029
:1036000000180040FFFF070000ED00E0000001404F
:103610007C09010848090108000C0140012070479D
:1036200001207047C31F10B504460B2B18D8DFE8E4
:1036300003F011171717131715171717170604207C
:10364000FFF7A2F82046FFF7E9FF10B12046FFF789
:10365000E7FF10BD0320F3E70220F1E70520EFE7C5
:103660000120EDE701238B40034202D00846FFF71B
:10367000D9BF704708B50D4B5A69D20706D51A68ED
:10368000002022F001021A60FFF7CCFF4022084B15
:10369000C3F88020BFF34F8FBFF36F8F0122034B1E
:1036A0005A61BDE808400AF0E3B900BF00180040C5
:1036B00000E100E008B50D4B586910F0020006D09B
:1036C0001A68012122F002021A60FFF7CBFF802264
:1036D000074BC3F88020BFF34F8FBFF36F8F0222D9
:1036E000024B5A61BDE808400AF0C2B90018004018
:1036F00000E100E008B50E4B586910F0040006D058
:103700001A68022122F004021A60FFF7ABFF4FF49F
:103710008072084BC3F88020BFF34F8FBFF36F8FC9
:103720000422034B5A61BDE808400AF0A1B900BF6A
:103730000018004000E100E008B50E4B586910F099
:10374000080006D01A68032122F008021A60FFF769
:1037500089FF4FF40072084BC3F88020BFF34F8FEE
:10376000BFF36F8F0822034B5A61BDE808400AF08F
:103770007FB900BF0018004000E100E008B50E4B23
:10378000586910F0100006D01A68042122F01002C7
:103790001A60FFF767FF4FF48062084BC3F8802080
:1037A000BFF34F8FBFF36F8F1022034B5A61BDE8F9
:1037B00008400AF05DB900BF0018004000E100E0D9
:1037C00038B5254B5C69A20604F4787507D51A68EC
:1037D000052122F0200228461A60FFF743FF600609
:1037E00008D51D4A06211368284623F040031360BC
:1037F000FFF738FF210608D5174A07211368284626
:1038000023F080031360FFF72DFFE20508D5124A6D
:1038100008211368284623F480731360FFF722FF02
:10382000A30508D50C4A09211368284623F4007320
:103830001360FFF717FF4FF48032084BC3F8802066
:10384000BFF34F8FBFF36F8F4FF47872024B5A6103
:10385000BDE838400AF00CB90018004000E100E073
:1038600038B52A4B5C69620504F47C4507D51A68B3
:103870000A2122F4806228461A60FFF7F3FE23052E
:1038800008D5224A0B211368284623F400631360ED
:10389000FFF7E8FEE00408D51C4A0C21136828460F
:1038A00023F480531360FFF7DDFEA10408D5174A07
:1038B0000D211368284623F400531360FFF7D2FE4E
:1038C000620408D5114A0E211368284623F4804368
:1038D0001360FFF7C7FE230408D50C4A0F211368B5
:1038E000284623F400431360FFF7BCFE0222084B76
:1038F000C3F88420BFF34F8FBFF36F8F4FF47C4228
:10390000024B5A61BDE838400AF0B2B800180040D6
:1039100000E100E008B50E4B586910F4802006D095
:103920001A68122122F480221A60FFF79BFE0822F7
:10393000084BC3F88420BFF34F8FBFF36F8F4FF452
:103940008022034B5A61BDE808400AF091B800BFDD
:103950000018004000E100E010B5074C23784BB997
:1039600001F09AFB02F0BFFD08F064FE02F0BCFD1E
:1039700001232370012010BD4F12002010B5044C0C
:1039800023781BB101F080FB00232370012010BDC0
:103990004F12002038B5154C00252378032B22D870
:1039A000DFE803F0020B131B0A2311488370C57074
:1039B00008F064FE0123237038BDF6230C48C37061
:1039C000857008F05BFE0223F5E7F6230848837054
:1039D000C57008F053FE0323EDE70A230448857001
:1039E000C37008F04BFE2570E6E700BF4D120020C3
:1039F00064120020054B1B7833B1054B1B780BB9C3
:103A0000FFF7C8BF0CF0A0BC704700BF52120020E7
:103A1000303900200120704708B5044B1B780BB9E2
:103A2000FFF79AFF01F05CFB08BD00BF4F120020BA
:103A300008B5064B1B780BB1FFF7A0FF0023044A23
:103A40001370044A1360FFF7E5FF08BD4F12002012
:103A50005C120020601200200120704708B5FFF7BB
:103A6000FBFF08BD014B1878704700BF50120020C3
:103A7000014B1870704700BF50120020014B1870A6
:103A8000704700BF50120020014B1878704700BFEC
:103A900051120020084B10B50446187058B9FEF7B3
:103AA00067FE022807D80320FEF706FD2046BDE882
:103AB0001040FEF763BE10BD51120020FFF7EABFB1
:103AC000024B187880F00100FFF7E4BF511200208C
:103AD000084B1A78084B1B784BB982F00102A0F50D
:103AE000A443203B1F2B8CBF1046012070470022AF
:103AF000F5E700BF511200205012002000231946A4
:103B0000064A937213609375D360054A0333212BE1
:103B1000917242F80C1BF9D1704700BF380F00209A
:103B2000C80C002008B504F015F9FFF7E7FF0022E4
:103B3000014B1A6008BD00BF5812002001207047D9
:103B400008B5FFF709FFFEF7CFFD01F0ABFA48B16A
:103B5000012220214FF080400BF043F84FF08043CA
:103B600020229A6108BD000000230D4A10B5137091
:103B70000C4A4FF0804413700B4A136007F05CFC52
:103B800001280AD007F050FC4FF40013A36102F0A3
:103B900001FBBDE8104003F060BD2023F6E700BF45
:103BA0004E120020531200205412002008B503F0DA
:103BB00025FD05F083FF03F0B0FC084B188060F092
:103BC0007F001870188803F0ABFC01F0FBFA18B105
:103BD000BDE80840FFF7C8BF08BD00BF403900205E
:103BE00037B504460D4602F07FFA002800F0D28077
:103BF000002D00F0CF8047F615639C423ED8B4F507
:103C0000FC4F07D247F603439C4200F0C080284691
:103C100003B030BDA4F5FC44152CF8D801A353F82B
:103C200024F000BF933C0008BF3C0008E33C0008C0
:103C3000073D00082D3D0008533D00080F3C0008DB
:103C40000F3C00080F3C00080F3C00080F3C000828
:103C50000F3C00080F3C00080F3C00080F3C000818
:103C60000F3C00080F3C00080F3C00080F3C000808
:103C7000793D0008813D0008893D000847F643630F
:103C80009C42C4D10122444B1A700022434B1A605B
:103C9000BDE7002301200DF107018DF80730FEF785
:103CA000BDFB9DF80730042B02D013F0FD0FAED101
:103CB000012211463A4B1878FEF71AFCA7E70023B9
:103CC00001200DF107018DF80730FEF7A7FB9DF8E5
:103CD0000730042B02D013F0FD0F98D101220221EE
:103CE000E8E7002301200DF107018DF80730FEF70A
:103CF00095FB9DF80730042B02D013F0FD0F86D101
:103D000001220321D6E7002301200DF107018DF8E0
:103D10000730FEF783FB9DF80730042B03D013F028
:103D2000FD0F7FF474AF01220421C3E700230120BB
:103D30000DF107018DF80730FEF770FB9DF8073095
:103D4000042B03D013F0FD0F7FF461AF0122052196
:103D5000B0E7002301200DF107018DF80730FEF7D1
:103D60005DFB9DF80730DA1E012A02D9002B7FF493
:103D70004EAF012206219DE70020FFF78BFE46E7AC
:103D80000122084B1A7042E7FFF79AFE3FE7FFF760
:103D90000DFF3CE705463AE753120020541200207D
:103DA000303900205112002070B5FEF799FD002532
:103DB00001261C4C206858B1A37A4BB908F016FEB6
:103DC0006368984204D301212089A672FFF708FF97
:103DD0000335062D04F10C04ECD100250126124C0C
:103DE000206858B1A37A4BB908F000FE6368984286
:103DF00004D301212089A672FFF7F2FE0335212D9D
:103E000004F10C04ECD1094B1A783AB100221A7073
:103E10000BF03EFE0028FBD1FFF7C8FE01F062F96F
:103E200070BD00BF380F0020C80C00206A120020AF
:103E300008B5064B1B780BB9FFF78EFD4FF080439A
:103E400020229A61BDE8084008F056BD4F120020BC
:103E50002DE9F7430D46AB4A897804461368E9B16A
:103E6000032B00D80133A84F1360FEF71DFB3889E0
:103E7000844217D0B88A84420CD1012695F802807A
:103E80004FF00C09B8F1000F0ED008F06BFD09FBE4
:103E900006F6B8519D4B00261F4633E0002BE2D0BA
:103EA000013BE0E70026E9E709FB06F607EB060918
:103EB00099F80A300BB9BB51ECE74146FFF790FE89
:103EC00089F80A8047F806800028E3D1002003B073
:103ED000BDE8F08309FB06F607EB060999F80A30FE
:103EE0000BB9BB511DE041462046FFF779FE89F82A
:103EF0000A8047F80680A0B9E8E701360B2E03F1E7
:103F00000C030ED01A899442F7D195F802804FF035
:103F10000C09B8F1000FDDD008F024FD09FB06F60E
:103F2000B85129462046FFF7D3FD0028CED02946B8
:103F3000204601F04DFA0028C8D047F607639C429E
:103F40002DD8B4F5FC4F1BD247F620039C4200F05D
:103F5000188147F603439C42B8D02946204600F01A
:103F600083FD0028B2D029462046FFF761F90028DA
:103F7000ACD02946204603B0BDE8F043FEF70EBEA4
:103F8000A4F5FC44013CAB78062C31D8DFE814F0F2
:103F90004E00690084009F00C600E1002D00A4F5DA
:103FA000FC43403B9AB2032AD7D8032BD5D801A2B1
:103FB00052F823F0C53F0008D13F0008DD3F00085C
:103FC000CD3E0008AB78002B80D0FEF705FE7DE7E4
:103FD000AA784F4B02B101221A7077E7AB78002B19
:103FE0003FF474AFFEF7D6FB70E74A4A13706DE7F3
:103FF000002B3FF46BAF484C2378012B3FF466AFA6
:10400000002301200DF107018DF80730FEF706FAB5
:104010009DF80730042B03D013F0FD0F7FF456AF4B
:10402000002201212078FEF763FA4FE7002B3FF4CE
:104030004DAF394C2378022B3FF448AF00230120C9
:104040000DF107018DF80730FEF7E8F99DF807300C
:10405000042B03D013F0FD0F7FF438AF00220221B0
:10406000E0E7002B3FF432AF2B4C2378032B3FF4D7
:104070002DAF002301200DF107018DF80730FEF769
:10408000CDF99DF80730042B03D013F0FD0F7FF41A
:104090001DAF00220321C5E7002B3FF417AF1E4CD4
:1040A0002378042B3FF412AF002301200DF1070108
:1040B0008DF80730FEF7B2F99DF80730042B03D0D6
:1040C00013F0FD0F7FF402AF00220421AAE7002BBA
:1040D0003FF4FCAE104C2378052B3FF4F7AE0023E1
:1040E00001200DF107018DF80730FEF797F99DF8D3
:1040F0000730042B03D013F0FD0F7FF4E7AE00224E
:1041000005218FE758120020380F0020C80C00202E
:10411000521200204E12002030390020002B3FF4B4
:10412000D5AE1F4C2378062B3FF4D0AE00230120E0
:104130000DF107018DF80730FEF770F99DF8073093
:10414000DA1E012A02D9002B7FF4C0AE002206211C
:1041500068E7002B3FF4BAAE114C2378002B3FF4F4
:10416000B5AE002501200DF107018DF80750FEF7CF
:1041700055F99DF80730012B3FF6A8AE2A4629468F
:1041800050E7AB78002B3FF4E8AE07F055F94FF05D
:10419000804318B14FF400129A61DEE62022FBE75B
:1041A00030390020014B1870704700BF5C120020AE
:1041B000014B1878704700BF5C120020F8B5054627
:1041C0000C46584E584F2146284600F06DFE50B11F
:1041D000062C08D8DFE804F004085D9393A0A00043
:1041E0000022504B1A60F8BD32687ABBA5F1170364
:1041F000042B0BD8DFE803F02503161B2000002258
:10420000FF2311461820FDF799FF01224FF4FA71A0
:104210002846FDF7D7FF2846FDF76EFF08F0A2FB02
:104220003060E0E70022FF2311461920EBE700226F
:10423000FF2311461A20E6E70023FF2219461B2020
:10424000E1E7002317201A461946DCE7104608F07C
:10425000CDFB47F22F53984203D90524334B1C70F2
:10426000B1E7334B1B7883B9172D0ED1314B1B7837
:10427000042B3FD103232D4C28462370FF231A46DD
:104280001946FDF75BFF24789DE77A7E8AB3032405
:10429000E4E73068F8B9A5F11803032BA3D8DFE8E9
:1042A00003F0020B10150022FF2311461820FDF722
:1042B00045FF0122C821ABE70022FF231146192048
:1042C000F5E70022FF2311461A20F0E70023FF2222
:1042D00019461B20EBE708F089FB47F22F53984261
:1042E00001D90624BAE77B7E0BB10424B6E7104B54
:1042F0001B786BB12846BDE8F840FDF7FDBEFF22F4
:104300004FF4FA612846FDF75DFF2846FDF7F4FEFD
:104310000022064B1A7066E70022044B1A70FEF763
:1043200039FAE7E760120020640C00205C120020DC
:10433000303900206C3C0020014B1978FFF73EBF5C
:104340005C1200200120704770B506460D4618200B
:104350000021FDF721FF10B90024204670BD002187
:104360001920FDF719FF0028F6D000211A20FDF7CB
:1043700013FF0028F0D000211B20FDF70DFF0028BF
:10438000EAD000211720FDF707FF0028E4D02946D6
:104390003046FFF7D7FF04460028DDD00022044B4B
:1043A00029461D70034B30461A60FFF707FFD4E71C
:1043B0005C1200206012002070B50D461446FDF717
:1043C000FDFF064680B155B3174B5B7E2BBB013D0D
:1043D000052D09D8DFE805F0030C120808182CB1E8
:1043E00002211820FFF7B0FF304670BD0121F8E729
:1043F00014B102211920F5E70121FBE714B10221D4
:104400001A20EFE70121FBE714B102211B20E9E7A5
:104410000121FBE702211720E4E71E46E4E7002C18
:10442000F8D10121F7E700BF640C002008B50C4B60
:104430001B789BB9FEF79CF980B90A4B1A783AB100
:10444000094A527E52B95978BDE80840FEF750B883
:10445000064B1B78042B01D01146F5E708BD00BFC1
:104460005C12002030390020640C00206C3C0020DD
:10447000704700002DE9F04F424F85B005460E46CB
:10448000FFF7F6FFFFF7D2FF3C78002C32D03E4D0D
:104490002B6813B908F066FA2860286808F0A6FAB5
:1044A00041F28733984205D93B7801333B7008F0DD
:1044B00059FA28603B78013B032B17D8DFE803F05B
:1044C000020C101400226E20114606F0B5F90024EB
:1044D000204605B0BDE8F08F00226E211046F4E7BB
:1044E00000216E220846F0E76E22F6E700243C70B9
:1044F0002C60EDE7254B1B788BB931462846FFF73A
:104500001DFB0028E3D03146284600F06FFE04462C
:104510000028DCD031462846FDF76EFED8E722465B
:104520002146204601AF06F087F9BA464FF00A0847
:10453000DFF85CB0DFF85C900A2259465046FCF781
:1045400025F899F81F30E2B2B3FBF8F1914214D983
:10455000312B38780AD900236E221946013405F030
:10456000DFFA0A2C07F10107E6D1C6E71D2B4FF051
:104570000003F1D81A466E21F0E7002338781A4676
:104580001946EBE753120020541200204E1200206F
:10459000B4090108640C002070B505460E46FDF70D
:1045A00083FFFEF7E5F810B10320FDF785FF2B78B8
:1045B0000A2B0ED10124084B31461C70074B2846AC
:1045C0001B781BB908F0F0FC204670BD0BF0CEFF45
:1045D000FAE70020F9E700BF6A1200203039002016
:1045E000012810B5044611D002280AD1FEF7C0F800
:1045F0000138012805D80320FDF75EFF0020FEF7F3
:10460000BDF82046BDE8104008F050B9014B1870C5
:10461000F7E700BFA8100020014809F034B900BF37
:10462000A08601000E4BF0B51B6893B11C2202FB63
:1046300000300C4A0123164630F8115032F8027B44
:10464000DCB2AF4206D104F0070336F8133020F88D
:104650001130F0BD0133092BF0D10023F7E700BF83
:104660006C120020940B01082DE9F74304460D4617
:1046700006F05EFF00274FF01C092D4EDFF8B480D6
:104680007080E0B2854250D900232B4A0FE01CF81D
:1046900001EBBEF1FF0F01D070451BD001310E2997
:1046A000F5D10133DBB2042B02F10E023BD094466C
:1046B0000021ECE7012A07D1012B05D173888DF881
:1046C00000708DF8017016E08DF801308DF8001043
:1046D000738810E0D8F800202AB309FB032333F8CD
:1046E0001120110AD3B2120AE4D1002BECD18DF8BB
:1046F00000308DF801308DF80230009804F0F6FC9F
:10470000C0F307238DF80400C0F307408DF805308F
:104710008DF806009DF8063020469DF805209DF88E
:10472000041005F0FDF90134ABE703B0BDE8F083F8
:104730004C0D00206C120020500D0020032810B5F5
:104740000BD80D2909D80E24054B04FB0030435C1F
:10475000FF2B02D00120137010BD0020FCE700BF2A
:10476000500D00202DE9F047032804460D4616465B
:104770001F469DF8208033D81E4B1A701E4B1F70A9
:104780001E4B83F8008006F081FE2E2807D02E20D5
:1047900006F079FE00221146104606F04DF8DFF8CB
:1047A000609029464A462046FFF7C8FF06F0C0FE43
:1047B0000425144B588099F80000134B1A460E2418
:1047C00012F8011BFF2901D088420BD0013C14F0E4
:1047D000FF04F5D1013D15F0FF0503F10E03EDD106
:1047E000BDE8F08743463A463146BDE8F04705F05C
:1047F00097B900BF36390020343900203539002000
:104800006B1200204C0D0020500D002070B40D469E
:104810001143014304D170BC70220A48FBF72CBF3E
:1048200000241C260E2306FB04F10648013B13F06E
:10483000FF03057042700844F8D10134042CF1D113
:1048400070BC70477012002010B5064A0B461478F1
:10485000012C05D158780978FFF7E4FE204610BDF9
:104860000020FCE74C0D0020024B1878431E5842F4
:10487000584170474C0D00200E2303FB012270238A
:104880005843223000EB4200704704207047032851
:1048900038B510D803290ED80D2A0CD8FFF7ECFF35
:1048A000054604F057F80446681C04F053F844EA3F
:1048B000002080B238BD0020FCE7032870B51C46FC
:1048C0000FD803290DD80D2A0BD8FFF7D5FF0546C1
:1048D000E1B204F0A7F8210A681CBDE8704004F0BA
:1048E000A1B870BD2DE9F843002405460F461646D1
:1048F000A14600F12208BC4208EB040001D1BDE84A
:10490000F8832B19B3F5E07F04DA04F023F830556F
:104910000134F0E706F80490FAE72DE9F041054686
:104920000E461746002400F12208B44208EB0400AA
:1049300001D1BDE8F0812B19B3F5E07F02DA395DD2
:1049400004F070F80134F0E7032806D870225043D1
:1049500000F12201014804F04BB8704770120020AA
:10496000032838B50CD8084900230C78012C07D14E
:104970004D78A84206D10B70FFF7E6FF204638BD00
:104980000020FCE71846FAE74C0D0020032806D863
:104990007022504300F12201014804F071B87047C1
:1049A00070120020074B084A10B51A600023074C0C
:1049B0002370607006F0BCFD60806078BDE8104038
:1049C000FFF7E4BF6C120020701200204C0D002095
:1049D000032808B50CD8074A5070FFF7D7FF06F038
:1049E00055FD2D2802D02D2006F04DFD012000E0C0
:1049F000002008BD4C0D0020032810B510D8094A2E
:104A0000117869B9012450701470FFF7BFFF06F0E8
:104A10003DFD2D2802D02D2006F035FD204600E07A
:104A2000002010BD4C0D0020032810B5044609D805
:104A3000FFF7ACFF2046FFF793FF2046BDE810408C
:104A4000FFF7C6BF10BD000008B5054802F07EFDA7
:104A5000BDE808404FF4E0722221024803F0C8BFCD
:104A6000BF090108DA0E010808B50A4609490346DC
:104A7000087801280CD1A3F5A443203B1F2B06D9AD
:104A8000907820B150781178FFF7CCFD002008BD58
:104A90000120FCE74C0D002070B504460078FF288B
:104AA00001D106F0F3FC0D4900220D4611F8016B0F
:104AB000D3B2864203D00132102AF7D113462278AE
:104AC000FF2A12BFFF22013303F00F03E85C18BF77
:104AD0002270BDE8704006F0D6BC00BFB20B0108E2
:104AE00038B50B780546FF2B0C4602D106F0CEFCFC
:104AF0002070284638BD10B54FF4F37420460021CD
:104B0000013403F052FFB4F5FB7FF7D110BD000074
:104B100010B506F0BBFC00230246054911F8014B15
:104B2000D8B2944203D00133102BF7D1184610BDF0
:104B3000B20B010810B50446FFF7EAFF2146BDE8B5
:104B4000104000F5F37003F030BF08B5FFF7E0FF49
:104B500000F5F37003F0FEFE082828BF002008BD12
:104B600070B506F093FC0723124A12F8011B81422C
:104B70001DD0013B13F0FF03F7D10724FFF7E5FF3A
:104B80000130B0FBF4F304FB13040B4B13F8145087
:104B900003EB44035E7806F0CBFC31460246284620
:104BA00006F0B7FCE0B2BDE87040FFF7C3BF0624D3
:104BB000E4E700BFC20B0108A40B010838B5FFF7FA
:104BC0006BFFFFF7C2FF074B13F8104003EB4003E6
:104BD0005D7806F0ADFC294602462046BDE8384027
:104BE00006F097BCA40B01082DE9F0431C4B85B0DF
:104BF0001B7823B3002201AC1146104605F01CFEC1
:104C00000025A0460A26DFF85C90174F0A22494685
:104C10004046FBF7BBFCFB7FEAB2B3FBF6F19142E7
:104C200000D8BAB9312B20780DD900236E2219464D
:104C3000013504F075FF0A2D04F10104E6D10120CD
:104C400005B0BDE8F0831D2B4FF00003EED81A46E7
:104C50006E21EDE7002320781A461946E8E700BFE9
:104C6000E0120020B4090108640C00202DE9F8438B
:104C7000524B0446DD78524E15F0010545D0514B9C
:104C8000514A1B78514F524D23B34FF00008C2F8E0
:104C9000008007F067FEC7F8008001274D4B377092
:104CA00018602B78002B6AD14B490A68022A03D975
:104CB00000231A46194621E001320A602046FF22ED
:104CC0001946FDF73BFA3A464FF4FA712046FDF7D4
:104CD00079FA54E01360404A3B60136001232D7859
:104CE0003370002DE4D13B4B186807F07FFE41F292
:104CF00088339842DCD82B462A46FF212046FDF710
:104D00001DFAFF224FF49671E0E7344FDFF8C490AC
:104D1000FB7FDFF8C4800F2B41D807F023FE2C4B1C
:104D2000C9F800001B78C8F800501BB926490A686A
:104D3000022A29D9002320461A461946FDF7FEF912
:104D4000FF224FF496712046FDF73CFA337883F04A
:104D500001033370FB7F93B91C4D2B6813B907F027
:104D600001FE2860286850B107F040FE47F230533A
:104D7000984204D9002301202B60FEF779FE2046DB
:104D8000BDE8F843FDF7B8B901320A6020461A467B
:104D9000FF21FDF7D3F901224FF4FA71D3E70A4B53
:104DA0001D6007F0DFFD094BC9F800001D600123FD
:104DB000C8F8005033702B467BE700BF3039002025
:104DC0001E0E0020E2120020FC120020E41200203F
:104DD0000C130020EC120020E8120020640C0020CC
:104DE00013B51F4B04461A78042A0ED8DFE802F0E8
:104DF0000333131D330000231A461946FDF79EF9AD
:104E0000FF2232212046FDF7DDF9204602B0BDE841
:104E10001040FDF771B901221A70FF231A46194696
:104E2000FDF78CF90322C821ECE70023ADF804302C
:104E300006F07EFB8DF80600019804F057F9C0F3E8
:104E40000722C1B2C0F307432046FDF777F90122DC
:104E50004FF4FA71D6E700221A70FFF7C1FFD4E7CA
:104E6000F4120020FF2810B504461AD10D4BD3F8D8
:104E7000143123F07F436E2B0CD100221146FDF735
:104E80005DF920460121FDF771F92046BDE810408B
:104E9000FDF732B9B3F5DC0F03D100236E221946BA
:104EA000EDE710BD200E00200339012910B504469E
:104EB00021D81A2810D8172814D819D0FF224FF457
:104EC000FA612046FDF77EF92046FDF715F900202E
:104ED000FFF768F9002010BD1B28EFD10023FF2247
:104EE000194602E00022FF231146FDF727F9E5E706
:104EF000FF231A46F4E70120EDE7000008B5054B53
:104F000000211870FB20FDF747F9BDE80840FB20A1
:104F1000FFF766BFF4120020F8B5037C0546FA2BB4
:104F20000AD0FB2B5DD04B4B1B7843B9FFF79CFCA1
:104F300080F00104E4B203E0474B1B7813B1002476
:104F40002046F8BD434B1C78002CF8D1437C002B45
:104F500044D0816921F07F41FF2938D13F4BDB7874
:104F6000DB072DD53E4B1C78002CE8D13D4E3E4F43
:104F7000337838683D4D7BB907F038FD022805D9F4
:104F800007F0F0FC2B78386001332B702B78C72B9F
:104F90000FD9012333700CE007F028FD022805D952
:104FA00007F0E0FC2B783860013B2B702B78002B4E
:104FB000F0D000231A4629780A2004F0B1FDBFE79B
:104FC0002B4BDB7F0F2BBAD823462246F4E7B1F5F3
:104FD0007F4FB4D12346FF222146EDE723462246E8
:104FE000FAE71D4B1B78012BA9D1FFF73DFC0446C6
:104FF0000028A4D16B7CB3B10C20AB7E6A7E297EE5
:1050000004F08EFD0820AB7E6A7E297E04F088FDC8
:10501000AB7E6A7E297E092004F082FDAB7E6A7E2B
:10502000297E0720C9E70346024601460C2004F00A
:1050300077FD234622462146082004F071FD2346D1
:1050400022462146092004F06BFD234622462146D4
:10505000E7E700BF0C130020F412002030390020D5
:10506000E212002004130020081300200313002084
:10507000640C0020034B187810F0030018BF0120C7
:10508000704700BF543900204FF48032014B01209B
:105090009A617047000400400120014B98617047FD
:1050A00000040040012238B501240B4D114628466A
:1050B00009F097FD20224FF400414FF08040AC6191
:1050C00009F08FFD4FF080431B69044AC3F3C033DE
:1050D0002046137038BD00BF00040040E2120020DB
:1050E000012070474FF080431B6970B52D4DC3F30D
:1050F000C0332B70FDF73CFB2B4C78B92B4E30683E
:1051000007F074FCB0F57A7F08D907F02BFC30600B
:1051100053200BF04FF920780BF04CF9FDF728FBEA
:10512000234BDB7818BB13F0010F224B1BD04FF43D
:1051300080329A612B78EBB1662323701E4C237862
:105140001B070ED51D4D287801F0AFF9032813D1A8
:105150001B4B1A786FF3C7121A7023786FF3C303CF
:105160002370012070BD01229A616523E5E7DA070B
:10517000FBD5DFE76423E0E7287801F096F90428FF
:10518000E6D0287801F091F90328EAD0287801F0D8
:105190008CF90428E5D00A4A137843F08003137091
:1051A000DBE700BFE2120020F2120020F81200201C
:1051B00030390020000400403C3900201613002044
:1051C0004039002008B5FDF7CBF86E23FF201A46C2
:1051D0001946FCF7B3FF0322FA21FF20FCF7F2FF88
:1051E000FF20FCF789FF012008BD00006C4BF7B5DC
:1051F0001B7804460D46C3B104238DF804305023B8
:105200008DF8053096238DF80630019803F06EFF77
:10521000644BC0F30721C0F30742187059709A70AD
:10522000C9B2D2B2C0B205F007FB29462046FCF74E
:10523000E3FF5D4B1B78002B7BD05C4B1B7823B1CD
:1052400000221146104605F0F7FA594B1B78012B46
:1052500049D1FF2318201A46194604F061FC554E27
:10526000307801F022F9032859D1FF230F201A4684
:105270001946514F04F054FC3B7899072CD5FFF7A1
:10528000F3FA48B907F0DEF9820705D5FF231320AA
:105290001A46194604F044FCFFF7E6FA98B930784C
:1052A00001F003F903280ED0307801F0FEF804284D
:1052B00009D0424B1B78DB0605D5FF2301201A4697
:1052C000194604F02DFC3B78DE0605D5FF230020AF
:1052D0001A46194604F024FC29462046FFF784FCB0
:1052E000012003B0F0BD022B04D1FF2319201A4680
:1052F0001946B2E7032B04D1FF231A201A46194698
:10530000ABE7062B04D1FF231B201A461946A4E75E
:10531000002BA4D1FF2317201A4619469DE73078A9
:1053200001F0C3F80428A0D0FF2310201A46194624
:105330009FE706F0FDF81D28D2D91F4C2378980767
:10534000CED5FFF791FA48B907F07CF9810705D56A
:10535000FF2313201A46194604F0E2FBFFF784FAF4
:10536000A0B9144D287801F0A0F803280ED02878B1
:1053700001F09BF8042809D0104B1B78DA0605D5FC
:10538000FF2301201A46194604F0CAFB2378DB06E6
:10539000A6D5FF2300201A46194604F0C1FB9FE75B
:1053A0000C13002038390020E1120020F3120020F5
:1053B00030390020161300203C39002040390020ED
:1053C000024B4FF4F170196803F048BB3C390020E0
:1053D0002DE9F8439C4C064623780D463BB18B786B
:1053E0002BB1002211461046227005F025FA974B8A
:1053F0005B7E4BB9964B1B7833B1331FA02B03D880
:1054000000242046BDE8F883B6F50E7F6CD840F244
:105410001D239E4234D8E72E00F24586E02E51D857
:105420007C2E00F02F825AD8382E00F0BA857B2EC1
:1054300000F014820124E4E7A6F5FC46092E00F2F0
:105440003886DFE816F09602B702D702360636062F
:105450001703F7026D03A503AD03A6F5F046203E42
:105460000A2E00F22986DFE816F0FE044F04270614
:105470008203270627062706D303DD03B303C103F0
:10548000A6F21E261A2E00F21A86DFE816F0AD00EC
:10549000BD00CD00E700F700070117012701370124
:1054A0009D00180618061806180618064701570129
:1054B00067017701870118069701A7011806B70150
:1054C000C701D701E13E062E00F2FC85DFE816F0A9
:1054D0007700FA050703DA0577007A05A5057D2E22
:1054E00000F0E48101248CE747F609639E4231D83D
:1054F000B6F5FC4FA0D247F62A039E4220D847F6C5
:105500001F039E42A9D845F222239E4200F0CC847C
:105510000AD8B6F5A44F00F0988345F203239E42C3
:1055200000F0CA8301246CE745F225239E4200F077
:10553000018547F213039E4200F0BF82012460E719
:10554000B6F5F84F00F01B8347F616439E4220D075
:10555000012456E747F620639E4200F0FD82A6F53F
:10556000FC464A3EB3B20D2B00F2AF850D2E00F281
:105570009D85DFE816F0E40308042C049B059B05D9
:105580009B059B059B059B0550049B059B059B0567
:10559000AF01AC782F4B54B12F4A00241278002A67
:1055A00014BF352029201A7000F080FE29E71B78EF
:1055B000002B14BF3520292000F08EFE21E7AA78A9
:1055C000254B01241A701CE7AC78E12034B100F0BF
:1055D0006DFE272000F06AFE002412E7FDF77AFB3B
:1055E0002720FDF777FB0CE7AC78E12034B100F021
:1055F0005DFE1E2000F05AFE002402E7FDF76AFB64
:105600001E20FDF767FBFCE6AC78E12034B100F02A
:105610004DFE1F2000F04AFE0024F2E6FDF75AFB83
:105620001F20FDF757FBECE6AC78E12034B100F029
:105630003DFE202000F03AFE0024E2E6FDF74AFBA2
:105640002020FDF747FBDCE60C130020640C002053
:1056500030390020F012002002130020AC78E12045
:1056600034B100F023FE212000F020FE0024C8E623
:10567000FDF730FB2120FDF72DFBC2E6AC78E120E1
:1056800034B100F013FE222000F010FE0024B8E632
:10569000FDF720FB2220FDF71DFBB2E6AC78E120F0
:1056A00034B100F003FE232000F000FE0024A8E641
:1056B000FDF710FB2320FDF70DFBA2E6AC78E120FF
:1056C00034B100F0F3FD242000F0F0FD002498E652
:1056D000FDF700FB2420FDF7FDFA92E6AC78E1200F
:1056E00034B100F0E3FD252000F0E0FD002488E661
:1056F000FDF7F0FA2520FDF7EDFA82E6AC78E1201F
:1057000034B100F0D3FD262000F0D0FD002478E66F
:10571000FDF7E0FA2620FDF7DDFA72E6AC78E1202D
:1057200034B100F0C3FD2D2000F0C0FD002468E678
:10573000FDF7D0FA2D20FDF7CDFA62E6AC78E12036
:1057400034B100F0B3FD2E2000F0B0FD002458E687
:10575000FDF7C0FA2E20FDF7BDFA52E6AC78E12045
:1057600034B100F0A3FD2F2000F0A0FD002448E696
:10577000FDF7B0FA2F20FDF7ADFA42E6AC78E12054
:1057800034B100F093FD302000F090FD002438E6A5
:10579000FDF7A0FA3020FDF79DFA32E6AC78E12063
:1057A00034B100F083FD312000F080FD002428E6B4
:1057B000FDF790FA3120FDF78DFA22E6AC78E12072
:1057C00034B100F073FD332000F070FD002418E6C2
:1057D000FDF780FA3320FDF77DFA12E6AC78E12080
:1057E00034B100F063FD342000F060FD002408E6D1
:1057F000FDF770FA3420FDF76DFA02E6AC78E1208F
:1058000034B100F053FD362000F050FD0024F8E5DF
:10581000FDF760FA3620FDF75DFAF2E5AC78E1209D
:1058200034B100F043FD372000F040FD0024E8E5EE
:10583000FDF750FA3720FDF74DFAE2E5AC78E120AC
:1058400034B100F033FD382000F030FD0024D8E5FD
:10585000FDF740FA3820FDF73DFAD2E5AC78E020BC
:1058600054B100F023FD1B2000F020FD4FF4FA603E
:1058700008F009F80024C4E5FDF72CFA1B20FDF719
:1058800029FABEE5AC78E02054B100F00FFD062007
:1058900000F00CFD4FF4FA6007F0F5FF0024B0E5CE
:1058A000FDF718FA0620FDF715FAAAE5AC78E02016
:1058B00054B100F0FBFC192000F0F8FC4FF4FA6042
:1058C00007F0E1FF00249CE5FDF704FA1920FDF73D
:1058D00001FA96E5AC78002C7FF492ADB54F3B7899
:1058E00013B100233B708CE5B34D287800F0DDFD4B
:1058F000032816D0287800F0D8FD061F70427041AA
:10590000DFF8B882AE4E88F80000287800F0CDFDB0
:1059100048B998F80050C5B9012000F037FD284675
:1059200017E00120ECE7287800F0BFFD0328F0D055
:1059300098F80050C5B1032000F028FD002001F0C8
:105940000EF933786FF3041308E0042000F01EFD15
:10595000002001F004F9337843F0100333703B78F2
:10596000002B3FF44DADBCE7284600F00FFD284664
:10597000E5E7FEF779FF044600287FF441ADAB78F8
:105980000BB901243DE58F4B1B78012BF9D1FEF7B4
:105990000FFC0028F5D16E2318201A461946FCF793
:1059A000CDFB022296211820FCF70CFC1820FCF7F6
:1059B000A3FB26E5FEF758FF044600287FF420AD40
:1059C000AB78002BDDD07F4B1D78022DD9D1FEF7AF
:1059D000EFFB0028D5D16E2319201A461946FCF793
:1059E000ADFB2A4696211920FCF7ECFB1920FCF7A9
:1059F00083FB06E5FEF738FF044600287FF400AD80
:105A0000AB78002BBDD06F4B1B78032BB9D1FEF7C1
:105A1000CFFB0028B5D16E231A201A461946FCF791
:105A20008DFB022296211A20FCF7CCFB1A20FCF7F2
:105A300063FBE6E4FEF718FF044600287FF4E0ACC1
:105A4000AB78002B9DD05F4B1B78002B99D1FEF7D4
:105A5000AFFB002895D16E2317201A461946FCF794
:105A60006DFB022296211720FCF7ACFB1720FCF7F8
:105A700043FBC6E4FEF7F8FE044600287FF4C0AC02
:105A8000AB78002B3FF47DAF4E4B1B78062B7FF499
:105A900078AFFEF78DFB00287FF473AF6E231B20D9
:105AA0001A461946FCF74AFB022296211B20FCF7F6
:105AB00089FB1B20FCF720FBA3E4AC78002C3FF40F
:105AC00060AF00236E211A46FF20FCF737FB01214F
:105AD000FF20FCF74BFBFF20FCF70EFB91E4364C5C
:105AE000207800F0E2FC03280FD1374B1B78D90651
:105AF0007FF547AFFEF7B8FE00287FF442AFAC78E1
:105B0000E3204CB100F0D2FB7BE4207800F0CDFC28
:105B100004287FF436AFE8E700F0DEFB012470E4F0
:105B2000AC782A4B4CB101221A7005F065FC4FF09D
:105B30008043202200249A6163E41C70204B1B7870
:105B400013F0E00F7FF45CAC05F06EFC4FF0804387
:105B50004FF400129A6154E4AC78002C7FF450ACFE
:105B6000A82000F0A3FBA82000F0B6FB49E4AB7826
:105B7000002B3FF406AFFEF7F3FF002441E4AC78BE
:105B8000002C3FF4FEAE01F0F5FF06F047FF38E4CD
:105B9000AB78002B3FF434AC01232370002430E4B5
:105BA000AB78002B3FF42CAC62200AF003FC0024FD
:105BB00027E400BFF112002016130020001300207C
:105BC0003C3900203039002040390020E01200200C
:105BD000AB78002B3FF4D5AE05F030FDFF287FF405
:105BE000D0AE0220FFF78AF901240AE4AB78002B3B
:105BF0003FF4C7AE05F022FD33283FF6C2AE0220C7
:105C0000FFF77CF9332005F011FD0024FFF7F9BB05
:105C1000AB78002B3FF4B5AE05F08AFC4F287FF639
:105C2000B0AEDEE7AC78002C3FF4ABAE05F080FC04
:105C30001E283FF6A6AE0220FFF760F900221146AB
:105C4000104604F0F9FDFFF7DCBBAB78002B3FF406
:105C5000D7AB00210F20FCF79FFAB14C0322FA21A9
:105C60001020FCF7AFFA1020FCF746FA207800F07D
:105C70001CFC03280AD1207800F017FCA8B120787A
:105C800000F013FC032810D001200FE0207800F072
:105C90000CFC0428EFD0A34A0024137843F0080337
:105CA0001370FFF78DFBFFF7ACBB002000F06EFB1D
:105CB000002000F054FFEEE7AB78002B3FF4A0ABE0
:105CC00000211020FCF768FA954C0422FA210F20DD
:105CD000FCF778FA0F20FCF70FFA207800F0E5FBCC
:105CE0000328D8D0207800F0E0FB0428D3D0207817
:105CF00000F0DBFB08B90320D8E7207800F0D5FBE3
:105D00000328F8D00420D1E7AB789BB1854C002064
:105D1000FFF7F4F8607800F00F00FEF737FE6078C8
:105D200000F00F00FEF71CFE00227F4BA01C1A7033
:105D3000FEF744FFFFF744FB0024FFF762BBAB789C
:105D4000002B3FF45DAB774C607800F00F00FEF75E
:105D50001DFE607800F00F00FEF702FEA11C00207F
:105D6000FEF7BEFE637860F303036370FFF728FB62
:105D70006078002400F00F00FEF72AFE0020FFF7F5
:105D8000BDF8FFF73EBBAB78002B3FF439AB654C59
:105D9000607800F00F00FEF7F9FD607800F00F006A
:105DA000FEF7DEFDA11C0120FEF79AFE637860F38A
:105DB00003036370FFF704FB6078002400F00F001A
:105DC000FEF706FE0020FFF799F8FFF71ABBAB7845
:105DD000002B3FF415AB534C607800F00F00FEF73A
:105DE000D5FD607800F00F00FEF7BAFDA11C02207F
:105DF000FEF776FE637860F303036370FFF7E0FA63
:105E00006078002400F00F00FEF7E2FD0020FFF7AD
:105E100075F8FFF7F6BAAB78002B3FF4F1AA05F05E
:105E200035FB2D287FF4ECAAFEF71EFD04463D4B02
:105E3000587800F00F005CB9FEF7DEFD20462246E0
:105E40002146FEF7E3FC0320FFF758F8FFF7D9BA25
:105E5000FEF786FD0020FFF751F80020324B044684
:105E60001870FFF7CEBAAB78002B3FF4C9AA2D4AC1
:105E70004FF08044137813F0E00F0CBF0121002194
:105E800061F3471313F0E00F137007D00022274B84
:105E90001A702023A36105F0AFFA4BE705F0C4FAAE
:105EA0004FF40013A36145E7AC78DFF87890DFF892
:105EB00080800CBBFEF7D8FC48B11B4F3B7823B168
:105EC000294630463C70FEF7BFFC01233B7000239F
:105ED000164A88F80030137099F8003013F0E00F7C
:105EE0007FF44FAD05F0A0FA4FF080434FF400125D
:105EF00001249A61FFF785BA05F07EFA20224FF05F
:105F000080439A6199F8003013F0E00F02BF01223C
:105F1000064B1A70012388F80030FFF772BA00BFF1
:105F2000161300203C39002001130020F31200203A
:105F3000E1120020AC78664E664F0CBBFEF794FC75
:105F400058B1654C237833B10023294645F225200A
:105F50002370FEF779FC0123237000235F4A3B7016
:105F60001370337813F0E00F7FF40BAD05F05CFA9B
:105F70004FF080434FF4001201249A61FFF741BAB9
:105F800001253D7005F038FA4FF0804320229A61D8
:105F9000337813F0E00F7FF4F4AC504B1D70FFF733
:105FA00030BA4B4B1B785A077FF5EBACAC785220DC
:105FB00024B1FCF72FFE0024FFF723BAFCF78AFE7A
:105FC000FFF71FBA424B1B785B077FF5DAAC444CF6
:105FD000207800F06AFA032807D1AB7893B95120F2
:105FE000FCF778FE0024FFF70CBA207800F05DFA89
:105FF0000428F2D0AB78502053B1FCF70BFE0024FC
:10600000FFF7FFB95120FCF705FE0024FFF7F9B9AF
:10601000FCF760FE0024FFF7F4B92D4E304C3378C6
:1060200020785F0709D500F040FA0328E2D02078F5
:1060300000F03BFA0428D0D1DCE700F036FA032860
:1060400014D1337859073FF59CAC264B1B78DA0600
:106050007FF597ACFEF708FC00287FF492ACAC7893
:10606000E72054B100F022F9FFF7CBB9207800F017
:106070001CFA04287FF485ACE3E700F02DF9012435
:10608000FFF7BFB9124B1B785B077FF57AACAC7892
:106090004F2024B1FCF7BEFD0024FFF7B2B9FCF796
:1060A00019FEFFF7AEB90124FFF7ABB90124FFF7E2
:1060B000A8B90124FFF7A5B90124FFF7A2B901246B
:1060C000FFF79FB90124FFF79CB90124FFF799B9A5
:1060D0003C390020E112002001130020F3120020BF
:1060E000161300204039002008B547F65763984240
:1060F00005D047F65863984215D0012008BD002905
:10610000FBD010490B7883F00402C2F3800262F3E3
:1061100082030B70FFF754F901220B4B02201A7017
:10612000FEF7ECFEE9E70029E7D006490B7883F09B
:106130000202C2F3400262F341030B70FFF740F921
:10614000DBE700BF3C390020F112002010B500242D
:106150000020FEF7D3FE0C490C4B1C700B8823F477
:106160007F6323F00F0343F02B030B80FF238B701F
:10617000FEF7C1FC064B224621461878FCF7B8F919
:10618000BDE81040FFF71CB93C3900200113002086
:1061900030390020012210B51A4C1146204608F073
:1061A00020FD01232022A3614FF400414FF08040E5
:1061B00008F017FD4FF080431B69134AC3F3C03347
:1061C0004FF4F170137002F0E3FB104C206008B93B
:1061D000FFF7BCFF607800F00F00FEF7E3FBFF2243
:1061E000C821FA20FBF7EEFFFA20FBF785FFFF221C
:1061F000C821FB20FBF7E6FFFB20FBF77DFF01201A
:1062000010BD00BF00040040E21200203C39002015
:106210000720704706280DD803290BD80D2A09D866
:10622000382358430E2303FB0100034B104433F87B
:106230001000704701207047CA0B0108A0F5807359
:10624000B3F5F85F10B526D210F4805F00F48073C8
:1062500000F4007400F4806100F400620DD0002BA3
:106260000CBF002010200CB140F0200009B140F01C
:1062700040000AB140F0800010BD181E18BF012078
:106280000CB140F0020009B140F00400002AF3D044
:1062900040F00800F0E70020EEE710B50C46FFF7ED
:1062A000CDFF2346BDE8104018470000A0F1E003F1
:1062B000072B10B5044600D940B920460449FFF722
:1062C000ECFFE0B2BDE81040FCF7A4BC0149F6E7E2
:1062D000712D0008212E000810B50446C0B2FCF74D
:1062E000F9FCA4F1E003072B00D92CB9034920469F
:1062F000BDE81040FFF7D1BF0149F8E7C92D0008FC
:10630000792E000801207047704708B5FFF7FCFFA1
:1063100008BD000013B502AB03E903000F4B1B7867
:10632000B3B99DF8023073B16AB100F0BFFC044606
:106330000146009800F084FC2046009902B0BDE8B8
:10634000104001F015BB009800F096FC0446F3E7FE
:10635000009800F0ABFC0099F0E700BF1513002097
:10636000034610B400885C880A4640EA04409988D5
:1063700010BCFFF7CFBF0120704710B504460021C5
:10638000FFF7EEFF2146FFF7C0FF10BD10B5012457
:106390008440E4B2204601F0BCF82046BDE810403D
:1063A00000F0B1BB704708B500F050FBFFF7FAFFF3
:1063B000BDE8084046F2A81007F065BA08B5FFF737
:1063C000F2FFBDE8084006F029BB08B5FFF7EBFF78
:1063D000BDE8084006F048BB38B501210546FFF787
:1063E000BFFF2946044605F0CBFA08B9002038BDA6
:1063F00029462046FDF72CFD0028F7D029462046E7
:1064000005F064FF0028F1D02946204605F03AFC4B
:106410000028EBD02946204605F0D6FE0028E5D01E
:106420002946204605F052F90028DFD029462046AB
:1064300005F09AFF0028D9D0AB787BB147F65A43D4
:106440009C4222D00ED847F601439C421AD047F610
:1064500003439C4214D0B4F5F84F0ED02846FFF702
:1064600051FFC4E747F65B439C4211D047F65C43BB
:106470009C42F3D101F01CF8F0E7FFF79FFFB5E76E
:1064800001F029F8FFF7A1FFB0E701F01DF8E5E7FB
:1064900001F01DF8E2E708B500F02EF8002004F046
:1064A00063FFBDE80840FDF7C3BC034600091CBFFD
:1064B000034604209A081EBF13460230C0B25B0890
:1064C0001CBF0130C0B27047704701207047704751
:1064D00038B50546FFF7F9FF044610B12846FFF727
:1064E000F6FF204638BD704710B50446FFF7ECFFB5
:1064F0002046FFF7EDFF10BD08B506F09BF8FFF74B
:10650000F3FF08BD10B506F095F8074B04461A785E
:10651000824207D0187006F025FA044B1860204616
:10652000FFF7E2FF10BD00BF14130020101300207E
:1065300010B586B06C4684E803009DF802300BB1BC
:1065400000F0F8FE0023ADF8163094E80300ADF833
:106550001410BDF81430049004AC94E803000290C9
:106560004BB14FF6FF73BDF808209A4203D0204686
:10657000FFF701FF18B194E8030000F015FE06B024
:1065800010BD008800F0B2BB08B529B102F00CF8CC
:10659000BDE8084002F0DCB802F064F8F8E738B56E
:1065A00005460C46FCF736FB1CB92846FCF792FB67
:1065B00038BD6420013C07F066F9A4B2F4E708B5E1
:1065C00039280CBF50210A21FFF7E9FF08BD000060
:1065D0002DE9F047877981460C46857800F074FEF6
:1065E0003F090646F0B12E46E5B1C4F3072303F098
:1065F000F002402A09D004F12002D2B2072A24D99D
:106600001FB903F0E003202B21D0AA4B5E7816F0CF
:10661000040607D0022000F017FF00F055FE80F0BE
:106620000106F6B2C4F3033ABAF10B0F3ED8DFE825
:106630001AF0100010005E005E00CB00E3003D0089
:106640003D00E8004901590159010026EAE73E46AC
:10665000E8E7C4F30723C4F3032713F0F00F18BFD0
:106660003F01E4B285B157B104F12003DBB2072B3F
:10667000384600D92CB900F037FE00F08BFE2046DA
:106680005EE000F047FEF8E72046FCF723FB6FB121
:1066900004F12003DBB2072B384600D914B900F00F
:1066A0002BFE01E000F03EFE00F074FEAAF1080AA5
:1066B000BAF1030F03D805F0BDFFFFF715FF002E59
:1066C00000F06A8100F0F8FD10F0010040F06481F4
:1066D00089F8020000F0E8FD00F048FA484600F0B2
:1066E00071F900F0E1FDBDE8F04700F04BBAC4F3EA
:1066F000072303F0F003C4F30328202BE4B218BFF0
:106700004FEA081874B1012C48D0002D4ED0002F4C
:1067100047D099F80630DA07B1D56FF3071389F837
:1067200006303EE0634B5B78590714D45DB1B8F195
:10673000000F04D0404600F0D7FD00F02BFE0020F3
:10674000FCF768FAB2E72846FCF7C4FAB8F1000F84
:10675000ACD04046A3E795B13FB900F0F1FD40EA67
:106760000800C0B2FCF704FBA0E7012FF5D100F050
:10677000E7FD40EA0800C0B200F0EEFD96E72FB951
:1067800000F0FCFD4046FCF71FFB8FE7012F8DD08A
:106790004046FCF719FB00F0F1FD87E71DB1052F1E
:1067A00084D84046DEE7042F80D8EBE7002FE9D0FD
:1067B000392C0CBF4FF4FA504FF47A7007F063F89D
:1067C0002046FCF787FA71E714F4406FC4F3812385
:1067D00008D0012B7FF46AAF65B1C4F3090005F05E
:1067E00073FF63E725B1C4F3090005F051FF5DE7CE
:1067F0002846FAE72846F2E72946E0B2FFF7C4FE4A
:1068000054E714F4407F29D1002D7FF44FAFC4F337
:1068100042108000C2B204F00F0014F0100300FA1E
:1068200002F0C5B21EBF0F209040C043C4F38124C4
:1068300018BFC3B2022C43EA050009D0032C0AD0CA
:10684000012C02D000F06AF930E700F05FF92DE783
:1068500000F06CF92AE700F056F927E7C4F30122AB
:106860000DB312F0010F3FF421AFC4F342108000CA
:10687000C2B204F00F0014F0100300FA02F0C5B227
:106880001EBF0F209040C043C4F3812418BFC3B281
:10689000022C43EA05000FD0032C10D0012C05D0A8
:1068A00000F08EF902E712F0020FDCE700F080F949
:1068B000FCE600BF4039002000F08AF9F6E600F05F
:1068C00043F9F3E6E7B2C4F3032425B1204600F010
:1068D0004DF9384646E73846FCF776FA204600F090
:1068E00051F9E3E65FFA84F8A8F1F003042B3DD8F0
:1068F000DFE803F003220E151E003DB1042F3FF622
:10690000D5AEC4F3042000F047F9CFE6052FF6E733
:10691000C4F30420002DE2D100F028F9C6E625B129
:10692000C4F3042000F01BF9C0E600F015F9BDE641
:106930001A4B5B785B0704D4C4F30420002DCED03F
:10694000EAE74DB1C4F30424204600F00FF9032117
:10695000204600F055FDA9E6012000F075FD012F4D
:106960007FF6A4AE022000F06FFD9FE62DB10FB1BF
:106970004046E5E6C4F30420CEE757B1B8F1390F3D
:106980000CBF4FF4FA504FF47A7006F07CFF40468B
:1069900017E7C4F30420A2E7BDE8F08740390020E0
:1069A00038B501880446807800F0ACF9054600F05F
:1069B00017F900F0A7F829462046BDE83840FFF750
:1069C00007BE000013B50446014606226846F9F7E3
:1069D000DDFDA388F3B14FF6FF73BDF800209A42A6
:1069E00018D02046FFF7F8FC70B900F06DFC88B1B4
:1069F000A3787BB1084B5B785B070BD5022002B014
:106A0000BDE8104000F020BD2046FFF7C9FF20463A
:106A1000FFF7B3FC02B010BD4039002008B50020DC
:106A200005F036FE002005F04FFE00F083FC00F07C
:106A3000B1FC01F0A9FEBDE8084001F089BE08B52F
:106A400000F02CFCBDE80840FFF7E8BF08B500F0F7
:106A50005BFCBDE80840FFF7F2BFC0F30333062B31
:106A6000C2B213D094BF0E33063303F00F03012BD1
:106A700010D8F02A10D004D8E72A8CBF00200120BB
:106A80007047F42A14BF002001207047E72A03D979
:106A9000F12AF7E7002070470120704713B504463C
:106AA000014606226846F9F771FDA3886BB14FF6DF
:106AB000FF73BDF800209A4207D0208800F016F935
:106AC00002B0BDE81040FFF7C8BF002002B010BD03
:106AD00082B002AB03E9030002B0704782B002ABA0
:106AE00003E9030002B07047704708B5FFF7FCFFE9
:106AF00008BD000008B5FFF7F8FF014B187008BD8E
:106B0000161300207047FFF7F5BF0000024B1B78FB
:106B10001843FFF7EFBF00BF16130020024B1B788E
:106B20001840FFF7E7BF00BF16130020024B1B7889
:106B30005840FFF7DFBF00BF16130020704708B5AD
:106B4000FFF7FCFF08BD000008B5FFF7F8FF014B99
:106B5000187008BD171300200020FFF7F5BF0123B0
:106B600003FA00F0C0B2FFF7EFBF0000012303FA01
:106B700000F0034B1B781843C0B2FFF7E5BF00BF1E
:106B8000171300200123034A8340107820EA0300F2
:106B9000FFF7DABF17130020012303FA00F0034BBD
:106BA0001B785840C0B2FFF7CFBF00BF17130020BB
:106BB000024B1B781843FFF7C7BF00BF1713002015
:106BC000024B1B781840FFF7BFBF00BF1713002010
:106BD000024B1B785840FFF7B7BF00BF17130020C8
:106BE000704701F00703C90830B501EB41010124EA
:106BF0000139114400229C40E4B211F8015F20FAEF
:106C000002F343F300036B40234001326B40032A3D
:106C10000B70F2D130BD002210B500F00704C0089F
:106C200000EB4000014410468B5CE34003F001039D
:106C3000934001321843032AC0B2F5D110BD0000C1
:106C400017B4ADF80400C0F3072003280C460ED893
:106C50009DF804300D2B0AD8C0EBC00003EB4000B8
:106C600081B22046034A03B010BCFFF7BABF03B09D
:106C700010BC70471813002082B0ADF80400C0F3B8
:106C8000072003280CD89DF804300D2B08D8C0EB42
:106C9000C00003EB4000044980B202B0FFF7BBBF65
:106CA000002002B0704700BF1813002073B50624FF
:106CB0000C4BADF804001E780B4B1B781E4346FAB4
:106CC00004F3DB07E5B205D4013CF8D200252846E1
:106CD00002B070BD2846019900F05BFE80B2012829
:106CE000F2D0F4E7171300201613002007B5ADF813
:106CF00004000198FFF7DAFF019903B05DF804EB97
:106D000000F047BE13B5104BADF804101B782BB143
:106D1000019802B0BDE81040FFF7E8BF70B10198DC
:106D2000FFF7C4FF044601460198FFF789FF20469C
:106D3000019902B0BDE8104000F02BBE0198FFF7AA
:106D40009BFF0446F3E700BF1513002010B5012494
:106D500004FA01F104FA02F20A43D1B202408A4273
:106D600004FA03F406BF2043C0B2A04310BD0000E4
:106D700008B513460A46014603480078FFF7E6FFC8
:106D8000BDE80840FFF7E0BE1713002084B06B4653
:106D900083E80300BDF8042093E80300029052B199
:106DA0004FF6FF73BDF80800C31A5842584180F0EF
:106DB000010004B070470120F9E70000F8B50C4B62
:106DC0000C4E1C780C4D3378A34200D1F8BD05EB76
:106DD000C40335F834005F889A88D98840EA0740B0
:106DE00042EA01410134FFF779FE04F00704EAE7C3
:106DF000771300207613002036130020064B10B4C2
:106E000018885C889A88D98840EA044042EA01419F
:106E100010BCFFF763BE00BF2E1300202DE9F04722
:106E2000214CA37913F0F00F0ED1A37863B11F4B5F
:106E300094F801801D781E4B94F800901F78B4F8E8
:106E400004A01C4EBD4201D1BDE8F08723886088B4
:106E5000A18843EA0040FFF799FF00B306EBC503A2
:106E60005A7842451BD116F835204A4517D19A78F1
:106E7000AAB99A88A2EB0A0292B2C72A0FD80121B6
:106E8000A279094861F30712A2719A7961F3071296
:106E90009A71FFF797FDBDE8F047FFF78FBF013507
:106EA00005F00705CEE700BF2E1300207713002062
:106EB0007613002036130020F0B50D4B0D4C1B78D7
:106EC00026780D4CB34201D10020F0BD04EBC30580
:106ED0006F788F4206D114F83370874202D1AD78B3
:106EE000954203D1013303F00703EBE70120ECE700
:106EF0007713002076130020361300202DE9F04F81
:106F000087B0A84D02AF0146044606223846F9F77D
:106F10003DFBB5F800B06888B5F804904BEA004036
:106F20004946FFF733FF94F802800190002800F0F3
:106F30002581B4F804A0AE78AAEB09091FFA89F3F9
:106F4000002E00F0DF80A979C72B01F0F00900F2D4
:106F5000BB802088B9F1000F7ED1834546460FD112
:106F600076B9012363F30711A971FFF747FF28469C
:106F7000FFF728FDAB79A371304607B0BDE8F08F6D
:106F800097E8030004AE0490ADF8141096E80300EF
:106F900094F8009094F801A0FFF7F8FE38B1B8F12A
:106FA000000F04D1424651464846FFF785FF97E857
:106FB00003000490ADF8141096E80300FFF7E6FE16
:106FC0000746D8B1B8F1000F37D14246514648467E
:106FD000FFF772FF0646A0B90298FFF787FEC0F3DD
:106FE0000332032AC3B20ED8012A16D910F4706FE7
:106FF00018D0A27912F0F00F14D1BDE7B8F1000F4C
:107000001BD10026B8E7063202F00F02012A0ED982
:107010002046FFF7D7FC3E46AEE710F4706F01D074
:10702000002BA9D02033DBB2072BA5D9F0E7EF2B3B
:10703000A2D90F33DBB2022BF7E7AB79594843F003
:107040000103AB71FFF7BEFC082200215548F9F798
:1070500013FBFFF7D3FED4E783450ED1B8F1000F41
:107060000BD12046A171FFF7ADFC0822214628462E
:10707000F9F78CFAFFF7C2FE7EE72046FFF70EFD18
:10708000E8B1B8F1000F1AD0AB791F2B0CD92988C1
:1070900004A8ADF810100021ADF814A08DF812105E
:1070A0008DF81630FFF78EFC082221463D48F9F78F
:1070B0006DFAFFF7B3FEFFF7A1FE019E5CE72046E5
:1070C000FFF780FC012657E7B9F1000F0AD197E8D6
:1070D0000300FFF7FDFC2846FFF774FC0822494631
:1070E0002846B4E723889B45C7D1B8F1000FC4D127
:1070F0002046A171FFF766FC082241462846F9F7B1
:10710000BBFA39E7C72B2FD84646002ED7D02388A5
:107110009B451CD1AB79DA0713D413F0F00210D0E1
:10712000F02AA37106D0DBB2C3F30312013262F37B
:107130000713A3712046FFF745FC08222146194892
:1071400096E7082221461748F9F720FA14E7204667
:10715000FFF7A4FC0028A7D1AB79204643F0010338
:10716000AB71FFF72FFC07E797E80300FFF7B0FCD0
:10717000082231462846F9F77FFA7BE7B8F1000F7D
:107180009DD02046FFF78AFC0646002897D00822AB
:1071900021462846F9F7FAF92846FFF7F2F9FFF7F2
:1071A0003DFE67E72E130020F0B587B06C4684E8FB
:1071B00003002046FFF7A2FE2C4F06462C4D50B18F
:1071C00094E80300FFF7E2FD18B194E80300FFF72D
:1071D00085FC284C43E0BDF8042004AB94E8030090
:1071E00083E803000290002AF3D04FF6FF71BDF848
:1071F000084038788C422A78EBD0441C04F007040D
:1072000094420AD019461B4B082203EBC000F9F741
:10721000BDF93C70FFF7D2FDDBE7FFF717FC082252
:10722000314615483E702E70F9F726FAD1E704EB87
:10723000C000FFF763FEB0B12B7834F8330004EBE5
:10724000C3035E889A88D98840EA064042EA014131
:10725000FFF744FC2B78013303F007032B702878E9
:107260003B788342E3D107B0F0BD00BF7613002026
:1072700077130020361300202E130020024B014606
:10728000186805F0C7BA00BF500F0020024B014636
:10729000186805F0D7BA00BF500F0020014B1868DE
:1072A00005F0E8BA500F0020024B93F90000C0F33C
:1072B000C7007047B8130020024B187800F0070091
:1072C000704700BFB8130020034B187810F0070078
:1072D00018BF0120704700BFB8130020014B187879
:1072E000704700BFBA130020024B1A781043187081
:1072F000704700BFBA130020024A137823EA000344
:1073000013707047BA1300200022014B1A707047A7
:10731000BA130020024B1A7810431870704700BF50
:10732000BB130020024A137823EA0003137070474E
:10733000BB1300200022014B1A707047BB130020C2
:10734000014B1878704700BFB9130020704708B58B
:10735000FFF7FCFF08BD0000064A08B55278520747
:1073600006D5054A1178814202D01070FFF7EFFF71
:1073700008BD00BF40390020B913002008B5044BF8
:107380001A781AB100201870FFF7E1FF08BD00BF9E
:10739000B913002010B5124B124A1B781278124C08
:1073A0001343124A20681278037032B113430370FA
:1073B00005F0A6F908B1FFF7E1FF24682022204676
:1073C0000B49F9F7AFF848B1214620220848F9F7F0
:1073D000DDF82046BDE8104005F038B910BD00BF0B
:1073E000BA130020BB130020500F0020B913002057
:1073F00098130020704708B5FFF7FCFF08BD000098
:107400000A4A10B5527852070CD5094C41EAC0011E
:107410002170FFF7ABFB94F90000C0F3C700FFF742
:10742000EAFF10BDBDE81040FFF7A0BB40390020C7
:10743000B8130020002008B5024B1870FFF7DBFFDF
:1074400008BD00BFB813002008B50C4A92F90030FF
:1074500023EA000040B2107042070ED1DBB2834233
:107460000BD0074B5B785B0707D5C0F3C700FFF76E
:1074700089FBBDE80840FFF7DDBF08BDB813002059
:1074800040390020094A08B55378C3F3800181428E
:107490000AD060F382035370108800F041F8BDE811
:1074A00008400220FFF7D0BF08BD00BF40390020D0
:1074B000044B5878C0F3800080F0010000F0010018
:1074C000FFF7E0BF403900200120FFF7DBBF0020BD
:1074D000FFF7D8BF704708B501F0D0FABDE8084003
:1074E0004FF6FF71002001F0ABBA08B5002001F0A3
:1074F00040FA4FF6E763984203D1BDE8084004F034
:10750000D7B9002008BD022001F024BA032001F001
:1075100021BA0146032001F085BA042001F029BAFE
:107520000146042001F08CBA0F2001F031BA014667
:107530000F2001F093BA08B50020FFF7F8FFFFF71E
:10754000C9FF08BD01460E2001F06CBA10B5044613
:107550004FF4EA71132001F081FA2046BDE8104093
:107560004FF4EA72222101F043BA000010B5002462
:1075700001F084FA4FF6E761002001F061FA002182
:10758000022001F04FFA0021032001F04BFA1A4BC0
:107590004FF4A05104201C7001F052FA214606203D
:1075A00001F040FAFF21072001F03CFA21460820B3
:1075B00001F054FA21460D2001F034FA214618203A
:1075C00001F04CFA2146172001F02CFA21461C202C
:1075D00001F044FA2146202001F032FA2146182019
:1075E00001F03CFAFDF730FA204604F079F904F096
:1075F000A6F9FFF7A0FF10BD16130020FFF7B6BFD6
:1076000037B505F0E7F90D4D04462B88834212D0BB
:107610004FF6FF73ADF8003000238DF8023005F00F
:10762000D9F940F00100ADF8040002AB13E9030002
:10763000FEF77EFF2C8003B030BD00BFC4130020D6
:1076400008B505F08FF9024B1860024B186008BDB1
:10765000BC130020C0130020704770470120704702
:1076600008B5054800F080FA01F006FAFFF7F4FFCC
:10767000FAF794FE08BD00BF617B00080120704747
:1076800008B5FFF7FBFF08BD08B5FBF79BFDFCF74E
:107690008BFB08BD08B500F087FAFEF724FFBDE8B4
:1076A000084003F033BE000008B505F059F904F0B6
:1076B00056F900F04FFBFFF7EDFF054B1A7842F04B
:1076C00080021A701888FFF72BFFFCF74DFA08BDEF
:1076D000403900202DE9F04F85B0FFF7BFFF50B9CA
:1076E000FFF78EFF03F08CFD01F076F805B0BDE8E2
:1076F000F04FFEF707BFDFF8BC8000F045FB4646C1
:107700000024E0B236F8025B00F078FA032C4ED089
:10771000854204F10104F4D0274B1B789B0701D567
:1077200000F072FAFFF7ACFF002700900DF1080B94
:107730005FFA87FA504600F061FA38F8026B0546A6
:10774000B0422ED000244FF001094640B6B216EAEE
:10775000090F1CD0009B15EA090F14BF012200225B
:107760008BB18DF80A2001928DF808408DF809A0A0
:1077700005F030F940F00100ADF80C009BE8030083
:10778000FEF7D6FE019A2146504603F0A9F90134CE
:10779000E4B24FEA49030E2C1FFA83F9D7D128F837
:1077A000025C0137042FC3D1FFF74AFF9AE78542F5
:1077B000B2D195E7C6130020CE13002038B500F0F3
:1077C000F3F8B0F5A44F044643D2B0F5A04F80F0D3
:1077D000AC80DF2816D8CC2800F28A80A7280AD8E7
:1077E000A42878D8012804D0031F9BB2A12B28BF5E
:1077F0000024204638BDA0F1A8039BB21A2B6FD9F4
:107800000024F6E7B0F5804F19D2B0F5005F80F0A4
:107810009C80E728EDD9A0F580739BB2B3F5F85FA3
:10782000EED2C0F3072000F045F90546E0B200F0C3
:10783000BBF82D0205F4F8550543ACB2D9E7C0B248
:1078400000F0B2F804F47064044344F42044A4B299
:10785000CFE7B0F5A54F21D245F25F23984251D82A
:1078600045F23F2398420ED845F21F23984242D852
:107870000124C0F3850300F00300844044EA43146C
:1078800044F40D44E3E70124C0F3820300F0030055
:10789000844044EA431444F40C44D8E745F2BF233F
:1078A00098420AD845F29F23984200F01F0034D82E
:1078B0004AF2F40444EA00249BE7A0F5A543403BC8
:1078C0009BB21F2B9CD8040204F4F85444F42044C7
:1078D00044F0F0048DE7A0F1240444F48044B6E7BA
:1078E000224B5834E4B233F8144044F4884480E71F
:1078F00040F4A044ABE74AF2F10300F01F0443EA6E
:10790000042476E70124C0F3820300F003008440DE
:1079100044EA431444F40A4499E700F0CBF8040223
:1079200004F4F85444F4005463E700F01F0000F03E
:10793000C1F8C306C4F3431448BF0001240200B2D7
:10794000204340F4104084B253E7C0F3042000F019
:10795000B1F80546E0B200F027F82D0205F4F8551D
:1079600045EA000444F4005471E700BF9A1001088E
:1079700082B0ADF80410C1F30721032906D89DF8A1
:1079800004200D2A02D802B004F073BB002002B01C
:10799000704707B5ADF804100199FFF7E9FF03B090
:1079A0005DF804EBFFF70ABFE72850D8DF2807D8B7
:1079B000312865D00ED8292858D02A2867D070479A
:1079C000A0F1E003072B42D8DFE803F0154124299A
:1079D00033413D42392804D0822802D0352840D096
:1079E0007047334B1A7892075CD15B7813F0080F1D
:1079F00018BF292070472E4A1378D9074ED45278E1
:107A000012F0010F23D013F0100F08BFE32018BFAE
:107A100000207047264B1B7813F0040FF2E7244A2E
:107A2000137859073CD45278D2073BD413F0100F87
:107A3000EDE71F4B5A78910709D51B7813F0100F0B
:107A400008BFE720E3E71A4B1B781A07F6D4704704
:107A5000174A1378190727D452789107E6D5E420FE
:107A60007047134B1B7813F0200FC1E7104B1A78A7
:107A700092061BD45B7813F0080F18BF39207047AB
:107A80000B4B1B7813F0400F18BF2A207047084B90
:107A90001B7813F0400F18BF312070473920704712
:107AA000E2207047E0207047E62070473520CEE79F
:107AB00040390020294A1378590707D500F01801EA
:107AC000082927D100F0F70040F00400190707D576
:107AD00000F01801182926D100F0E70040F014004A
:107AE0005278D10707D500F01801082924D100F0F9
:107AF000F70040F00100920707D500F01802182A9D
:107B000023D100F0E70040F01100DB0648BF00F091
:107B1000E700704700F01401042904BF00F0FB00E7
:107B200040F00800D2E700F01401142904BF00F06F
:107B3000EB0040F01800D3E700F01101012904BF69
:107B400000F0FE0040F00800D5E700F01102112A15
:107B500004BF00F0EE0040F01800D6E740390020E6
:107B60000020704700207047014B1860704700BF2D
:107B7000540F0020FFF7AFBC08B500F005F9C8208E
:107B800005F081FE00F000F9002000F037F8C3078F
:107B900005D5FFF7EFFFBDE8084004F03FBF08BD83
:107BA00008B5FFF7E9FF08BD08B5FFF79EFC08B967
:107BB000FFF724FDFFF7A7FC084B1870FFF7ADFC9B
:107BC000074B1880FFF7ECFFFFF7A0FCFEF79BFFC9
:107BD000044B1878BDE80840FEF7B1BFCE13002073
:107BE0004039002017130020704708B5FFF7FCFF4D
:107BF00008BD704708B5FFF7FCFF08BD014B33F81F
:107C0000100070474A39002070474FF4076005F0B4
:107C100071BC00BF00BF00BF00BF00BF00BF00BFFE
:107C200000BF00BF00BF00BF00BF00BF00BF00BF5C
:107C300000BF00BF00BF704708B5FFF7E6FF08BDF3
:107C400008B5302383F31188012100F00F03994018
:107C5000202220F00F0006F0C4FF002383F31188D8
:107C600008BD000038B50E240C4D55F8040B431C1C
:107C700001D0FFF7E5FF013C14F0FF04F5D10848FF
:107C8000FFF7DEFF0748FFF7DBFF0748FFF7D8FFE6
:107C9000BDE838400548FFF7D3BF00BFD01001084A
:107CA0000200004003000040040000400D080040B6
:107CB0002DE9F843DFF89480174658F8213005463F
:107CC0005A1C0E4640D0302282F31188012223F044
:107CD0000F0903F00F0302FA03F421464846240477
:107CE00006F07FFFC9F81840002484F31188FFF7DD
:107CF00090FF6FEA070C1648AA1E063550F8041BC1
:107D000032F8023FB1F1FF3F1AD021F00F0EDEF83A
:107D100010E001F00F012EFA01F1C90710D401247F
:107D20003B4313809542E9D158F82600431C01D00B
:107D3000FFF786FF21463046BDE8F843FFF77CBFDA
:107D40000CEA03031380EDE7BDE8F883D0100108C7
:107D50000811010810B50824FFF784FF224600210E
:107D60000748F8F789FC224600210648F8F784FC0A
:107D7000042000F037F8BDE81040FFF736BF00BF21
:107D80004A3900204239002037B500240125CDE9C9
:107D900000442A46E1B268460134FFF789FF6D00CE
:107DA0000E2CADB2F5D1082269460C48F8F7BAFBA3
:107DB000002814BF0124002404D008226946074883
:107DC000F8F7E4FB234604220549044800F00CF8C8
:107DD0000446FFF70FFF204603B030BD42390020B4
:107DE0004A390020704700002DE9F04107460E4651
:107DF0001446DFF8508033B1012388F8003004F0D6
:107E0000B1FD114B186098F800501DB900252846A7
:107E1000BDE8F0810C4B186804F0E8FD0028F5D0AF
:107E20006400224639463046F8F77CFB40B12246D2
:107E300039463046F8F7AAFB002388F80030E6E719
:107E40000546F9E7CF130020D013002008B505F050
:107E5000E9F8FFF729FCBDE8084005F0F9B808B5D6
:107E600005F0FCF8FFF736FCBDE8084005F0F8B86F
:107E700008B504F042FD05F0D3F8FFF7F1FBFFF77A
:107E8000E5FFFFF7ECFFFFF7FFFBFAE70346DA68D1
:107E90000846511C10B4D96019698A4207D21C687F
:107EA0001CB15968234610BC18479B68985410BCF5
:107EB00070472DE9F047DDF820A005461AF0030FC2
:107EC0000F4614461E46D0F80C8010D03C44BC42ED
:107ED0000FD11AF0020F16D1BDE8F08720212846F5
:107EE000FFF7D4FF09F10109B145F7D3EEE7914659
:107EF000FAE7284614F8011DFFF7C8FFE7E720213D
:107F00002846FFF7C3FFEB68A3EB0803B342F6D3A1
:107F1000E2E72DE9F04F0D468BB01E46DDE91483F4
:107F20009446169C02A9F5B9270517D430220125DD
:107F30008DF8082024F01004A20762D404F0010791
:107F400043B1002F5DD0BCF1000F02D114F00C0F33
:107F500000D0013B2A464FF0300E29E0102EEBD125
:107F600024F01004E8E714F0200F14BF4FF0410E86
:107F70004FF0610E2A4689460025AEF10A0EB2FB8B
:107F8000F6FA06FB1A2B5FFA8BF7BBF1090F94BFC9
:107F900030377744FFB2964205F1010509F8017BBD
:107FA000CAD8202DC8D05246E9E702F801E00132D4
:107FB0001FB1934201D9202AF7D1302701E057544D
:107FC0000132904501D9202AF9D1082E03D19542DA
:107FD00038BF24F0100442F210073C424AD0270573
:107FE00032D48AB3904501D09A422DD1954253D2D2
:107FF000013A29D0102E24D0022E32D1954222D31C
:1080000003E02A46D9E7022E2BD11F2A3ED802F1DF
:10801000280562266D4421E01F2A37D802F1280581
:1080200058266D441AE0660704D502F128052B2670
:108030006D4428E0250729D502F1280520266D4446
:1080400021E0954202D2013A102EDCD1A706E3D4FA
:108050001F2A1BD8782602F128056D4405F8206CEC
:1080600001321F2A12D8302602F128056D4405F886
:10807000206C01321F2A09D8BCF1000FD3D02D2665
:1080800002F128056D4405F8206C01320094FFF7D9
:1080900010FF0BB0BDE8F08F102EADD1D6E7000079
:1080A0002DE9F04F83460D461446DFF8D4A289B07F
:1080B0002978A9B9DBF800306BB9DBF8102052B190
:1080C000DBF8081039B1DBF80C30934228BF02F11D
:1080D000FF330022CA54DBF80C0009B0BDE8F08F72
:1080E000252905F1010503D05846FFF7CFFEDFE74C
:1080F0004FF0000C06E02D2B15D0302B0CD14CF09E
:10810000010C0D46294611F8013B2B2B0ED0F2D85D
:10811000202B0ED0232B0FD0A3F13002092A28D810
:1081200000260A270FE04CF0020CEAE74CF0040CA2
:10813000E7E74CF0080CE4E74CF0100CE1E71546DB
:1081400007FB0636303E2A4612F8013BA3F1300108
:108150000929F4D92B782E2B45D16A786B1CA2F112
:10816000300109294CF4006C35D84FF000080A277B
:1081700011E02A2B08D154F8046B0D46002EBCBF29
:108180004CF0020C7642E5E70026E3E70B4607FBDE
:108190000828A8F13008194611F8012BA2F1300582
:1081A000092DF3D91D4615F8012B6C2A26D01ED8AF
:1081B000682A2AD06A2A31D01D4615F8011B782971
:1081C00092D861292DD825298ED058298CD14CF0F0
:1081D000200C10236FE02A2A06D154F8043B23EA2E
:1081E000E378AB1CDEE72B464FF00008DAE7742A91
:1081F00001D07A2AE0D14CF4007CDEE75A786C2A70
:10820000F9D14CF4C06C9D1CD7E75A78682A02D08B
:108210004CF0800CD1E74CF0C00CF4E74CF4806CCF
:10822000CBE7A1F16203162B3FF65EAF01A252F835
:1082300023F000BF9182000851830008918200085A
:10824000E9800008E9800008E9800008E98000086A
:1082500091820008E9800008E9800008E9800008B0
:10826000E9800008E980000891820008578400082E
:10827000E9800008E9800008A3830008E98000087D
:1082800091820008E9800008E980000891820008D6
:10829000642901D0692901D14CF4804C782998D007
:1082A000582994D06F2900F0ED80622900F0EC800D
:1082B0000A232CF0100C1CF4006F18BF2CF0010CDA
:1082C0001CF4804F0CF4806222D0002A7FF4F0AEC0
:1082D0001CF4007F04F104070FD0216800294FEA45
:1082E000D172CDF808C00196CDF80080B8BF4942E0
:1082F0005846FFF70EFE3C46DAE61CF0400F2168B8
:1083000001D049B2EAE71CF0800F18BF09B2E5E7D7
:10831000002A7FF4CDAE1CF4007F2CF00C0004F199
:10832000040705D002900196CDF800802168DFE7B0
:108330001CF0400F216806D0C9B2002202900196BD
:10834000CDF80080D4E71CF0800F18BF89B2F4E7A5
:108350001CF0020823D0012754F8041B5846C9B268
:10836000FFF794FDB8F1000F3FF4A2AEBE427FF6D6
:108370009FAE20215846FFF789FD0137F6E700BF81
:108380001811010820215846FFF780FD0137BE4231
:10839000F8D8002E06F1010708BF0227DCE74746A0
:1083A000F4E754F8049BB9F1000F08D133460622D4
:1083B0005146CDF800C05846FFF77BFD78E6B8F18E
:1083C000000F14BF42466FF000424F464A443978CE
:1083D00009B1BA420ED11CF40063A7EB090705935B
:1083E00002D0474528BF47461CF00203069312D12E
:1083F0003A4608E00137EAE7202158460792FFF79E
:1084000045FD079A0132B242F6D3F21BBE4238BF95
:1084100000220137174409F1FF3204E05846079261
:10842000FFF734FD079A12F8011F39B1059B002BA5
:10843000F4D0A8EB020C19EB0C0FEFD1069B002B2C
:108440003FF436AEBE427FF633AE20215846FFF7EA
:108450001DFD0137F6E754F8041B4CF4005343F0BC
:10846000010321B9009305220A230849A3E70293D7
:108470000A230022019358461023CDF80080FFF70D
:1084800048FD15E6082316E7022314E71F1101082B
:1084900030B50C460025002CB8BF6FF00044002812
:1084A00008BF2C4687B0114603901A4601A80195D3
:1084B000029504950594FFF7F3FD07B030BD0CB4A9
:1084C00007B504AB53F8042B0193FFF7E1FF03B0AA
:1084D0005DF804EB02B07047164B1B78D90707D53F
:1084E000154B187840007F281FD800B3C0B27047E2
:1084F0009A0703D5104B18788000F4E75B0703D583
:108500000D4B1878C000EEE70C4B1B785BB10C4AA2
:108510000949127808789342F4D25843C000B0FB5E
:10852000F2F080B2DFE70820E0E77F20704701200B
:10853000704700BFDE1300205A0F0020DF13002019
:108540005B0F0020144B1B78D90705D5134B187807
:108550008008F8B1C0B270479A0703D50F4B18785E
:108560004008F6E75B0705D50C4B18787F28F0D953
:108570007F2070470A4B1B7853B10A4A074912788B
:108580000878934236BF584380B2B0FBF2F0EDE773
:108590000120DFE701207047DE1300205E0F00207E
:1085A000E01300205F0F0020CD2808B505D1FFF7AC
:1085B00093FF4042294BD87008BDCE2802D1FFF767
:1085C0008BFFF7E7CF2805D1FFF786FF4042234B0B
:1085D0009870F1E7D02802D1FFF77EFFF7E7D9289E
:1085E00004D1FFF7AFFF1D4B1871E5E7DA2803D17F
:1085F000FFF7A8FF4042F6E7DB2805D1FFF7A2FF0F
:108600004042164B5871D7E7DC2802D1FFF79AFF9A
:10861000F7E700F12F03DBB2072B08D801230F4A3D
:10862000D13803FA00F0537818435070C4E7DD28BE
:1086300005D10B4A137843F001031370BCE7DE2821
:1086400004D1074A137843F00203F6E7DF28B3D1D9
:10865000034A137843F00403EFE700BFD813002068
:10866000DE130020364BCD2893F902200AD193F96E
:10867000031000290CDA0021D97052B90021314AC7
:10868000117006E0CE280DD193F903100029F2DC19
:1086900072B11A795B7913435AB2002B4FD12A4B2E
:1086A0001A707047CF2806D1002AF1DA00229A709A
:1086B00093F90320E1E7D02802D1002AF6DCE7E7AE
:1086C000D92893F9041004D10029E1DD00211971A2
:1086D000DEE7DA2802D10029DADAF7E7DB2893F9B6
:1086E000051004D10029D3DA00215971D0E7DC2824
:1086F00002D10029F8DCCBE700F12F01C9B207292C
:1087000007D80121D1388140587820EA01005870FB
:10871000BEE7DD2805D10D48017821F00101017087
:10872000B6E7DE2804D10948017821F00201F6E716
:10873000DF28ADD10548017821F00401EFE770474B
:10874000D8130020DF130020E0130020DE130020E8
:1087500008B504F03FF9094BDA7899780A431CBF51
:10876000074A10801A795B7913431CBF054B1880A8
:108770000248BDE8084003F081BF00BFD8130020C5
:10878000D4130020D6130020062208B50021054886
:10879000F7F772FF0023044A1370044A1370044A67
:1087A000137008BDD8130020DF130020E013002051
:1087B000DE13002090F902305BB990F9033043B921
:1087C00090F904302BB990F90500003818BF01204A
:1087D000704701207047000037B5554C06222146EE
:1087E0006846F7F7D3FE00239DF80220A370E370DC
:1087F000237163719DF8033013430AD04D4B1888E1
:1088000004F0EDF84C490B783BB34C4A1278904297
:108810002CDC9DF804209DF8053013430BD0484B09
:10882000188804F0DCF847490B78002B4AD0464AF8
:10883000127890424FDC69463D4804F02FF818B991
:108840003B48FFF7B7FF08B1FFF782FF06226946F2
:108850003748F7F79BFE03B030BD0A253B4A127834
:108860006A439042D5DD01330B7001E0FF2BFAD152
:108870009DF902503DB1FFF72FFE002DCCBF012323
:10888000FF235843A0709DF903503DB1FFF724FE2C
:10889000002DCCBF0123FF235843E07094F9022040
:1088A000002AB6D094F90330002BB2D0B5214A4348
:1088B0004B43121208BF01221B1208BF0123A270F2
:1088C000E370A6E70A25224A12786A439042B2DD95
:1088D00001330B7001E0FF2BFAD19DF904503DB13B
:1088E000FFF730FE002DCCBF0123FF23584320713A
:1088F0009DF905503DB1FFF725FE002DCCBF0123AA
:10890000FF235843607194F90420002A93D094F90E
:108910000530002B8FD0B5214A434B43121208BFBC
:1089200001221B1208BF01232271637183E700BF7C
:10893000D8130020D4130020DF130020590F00208B
:10894000D6130020E01300205D0F0020580F0020F8
:108950005C0F0020002307B5014601220DF107003E
:108960008DF8073000F08CF89DF8070003B05DF833
:1089700004FB002307B5014602220DF10600ADF805
:10898000063000F07DF8BDF8060003B05DF804FB8A
:1089900007B50422002301460DEB0200019300F00D
:1089A0006FF8019803B05DF804FB07B501228DF85C
:1089B000071001460DF1070000F067F803B05DF8FD
:1089C00004FB07B50222ADF8061001460DF10600C2
:1089D00000F05BF803B05DF804FB07B504220191D9
:1089E00001460DEB020000F050F803B05DF804FB07
:1089F000F8B505461446D31D23F0070300AFADEBD1
:108A0000030D68460E4600F03BF8224669462846AC
:108A1000F7F788FD20B122463146284600F035F8A8
:108A2000BD46F8BD38B50C460546FFF793FFA0429A
:108A300005D021462846BDE83840FFF7B6BF38BD0F
:108A400038B50C460546FFF794FFA04205D02146F5
:108A50002846BDE83840FFF7B4BF38BD38B50C46EE
:108A60000546FFF795FFA04205D021462846BDE800
:108A70003840FFF7B2BF38BD00F012B900F038B887
:108A80000B460146184600F04DB80B460146184605
:108A900000F09AB808B5064B4FF4805218460021F2
:108AA000F7F7EAFD41F2080200F580531A6008BDAD
:108AB000E813002010B5054C23792BB900F069F9B3
:108AC00008B10120207110BD0220FCE7E82300203E
:108AD00010B5064C237933B100F065F910B10023CD
:108AE0000120237110BD0220FCE700BFE823002015
:108AF00038B5FFF7DFFF044618B9FFF7E9FF204656
:108B000038BD00F048F90546FFF7C4FF012C06D137
:108B1000FFF7DEFF00280CBF002505F001052C46FD
:108B2000EDE7000008B5034608469918B1F5805FE7
:108B300005D804491944F7F729FD012008BD002094
:108B4000FCE700BFE813002038B500F024F9044624
:108B500008B3FFF7AFFF4FF400720546124900203B
:108B600000F03EF970B10EA3D3E900234FF4805119
:108B70000D4803F04BF802460B464FF4805000F0CE
:108B800061F950B90024012D01D1FFF7A1FF41F295
:108B90000802064B1A60204638BD0224F3E700BFE6
:108BA00025232284E49CF2CBE8130020E823002054
:108BB000044B1B68B3F5005F01D3FFF7C5BF01206D
:108BC000704700BFE82300208318B3F5805F2DE9CC
:108BD000F34705460F4616461AD8304C00EB0408FA
:108BE00041463846F7F79EFC002854D032463946B5
:108BF0004046F7F7CBFCFFF75DFF814630B104F547
:108C000080583EB9FFF7D4FF044639E0FFF760FF14
:108C100000243CE0052EB24628BF4FF0050A05228D
:108C200000210DF10300F7F727FDC5F3024343EAE6
:108C3000CA03524639468DF800300DF103002B0A65
:108C40008DF801308DF80250F7F7A0FCDDE9002324
:108C5000D8F8000000F0F6F8044688B1D8F80030E3
:108C60000833C8F80030FFF7A3FF0128044604D1F9
:108C7000A6EB0A0655445744C3E7022818BF002450
:108C8000B9F1010F03D1FFF723FF0028C0D0204620
:108C900002B0BDE8F0870124F9E700BFE813002027
:108CA0007FB5FFF7F7FE00F06FF8044610B9FFF745
:108CB000F1FE5BE04FF400720020314900F075F8DE
:108CC0002F4D044610B9FFF7E5FEF0E72AA3D3E9DC
:108CD00000234FF48051284602F098FF06460C46C8
:108CE0004FF4805002A900F078F8DDE902239C429D
:108CF00008BF964201D0FFF7CDFE41F20804694655
:108D0000204600F06AF8034640B3DDE9000350EA6C
:108D1000030220D010F0C00FCDE9020304F10804D3
:108D2000C1B2C0F3811318D10A0400F47F46C0F326
:108D3000074002F4E02230431043CA0800EBD1019F
:108D4000B1F5805F0AD80DF10B012844F7F71EFC3E
:108D5000B4F5005FD3D1012300E00023094A146079
:108D60003BB9FFF7F1FE04460028A0D0204604B02E
:108D700070BDFFF71DFFF6E725232284E49CF2CBAC
:108D8000E8130020E823002008B500F0CBF801200C
:108D900008BD0120704708B5002000F0C5F8B0FA02
:108DA00080F0400908BD0120704738B5D5002A463B
:108DB0000C4600F0D6F818B921462544A94203D143
:108DC000B0FA80F0400938BDD1E90023D243DB433B
:108DD00041F8082B41F8043CF0E70122FFF7E5BF1A
:108DE0002DE9F0470646884615460027C0B0202DDD
:108DF000A94628BF4FF020094FEAC90A52466846E3
:108E000008EBC701F7F7C2FB00246B464C450DD1B8
:108E100052466946304600F0C2F888B92D1B5644C8
:108E20002744E4D1012040B0BDE8F087D3E9000138
:108E3000C043C94343F8080B43F8041C0134E5E779
:108E40000020F0E707B5CDE9002369460122FFF7CE
:108E5000C7FF03B05DF804FB002208231146014858
:108E600003F05ABB0C08004008B5FFF7F5FF30B11E
:108E7000062003F08DFB03F0C3FB002008BD4FF07C
:108E8000FF30FBE738B503F06DFD00F57A75FFF7AD
:108E9000E3FF78B1052003F07BFB03F08BFBC4B24A
:108EA00003F0AEFB03F05EFDA84206D214F0010011
:108EB000EDD138BD4FF0FF30FBE76FF00100F8E770
:108EC000F7B51F468DF807100B0A090C0646154624
:108ED0008DF804008DF806308DF80510FFF7BCFF03
:108EE000E8B104210DEB010003F076FB044648B91C
:108EF00045B1022E0BD0032E0ED12846B9B203F095
:108F000075FB044603F07CFB204603B0F0BD284609
:108F1000B9B203F061FBF4E74FF0FF34F2E74FF032
:108F2000FF34F1E703F0BCBA00F58033B3F5002F4E
:108F300010B5044612D283B283B9FFF7A3FF78B904
:108F4000FFF792FF60B9034602462146D820FFF79B
:108F5000B7FF28B9BDE81040FFF794BF4FF0FF30CE
:108F600010BD2DE9F04107460D461646FFF78AFF72
:108F70000446804638B1324600212846F7F77CFB8C
:108F80002046BDE8F08133462A4639460320FFF7E4
:108F900097FF04460028F3D032464146EDE72DE91D
:108FA000F04106460F46154675B9FFF76BFF0446BC
:108FB00038B9FFF751FF30B3042003F0E9FA03F0AA
:108FC0001FFB2046BDE8F0815FFA86F8C8F580787F
:108FD000A84528BFA846FFF755FF04460028F0D152
:108FE000FFF742FF04460028EBD143463A4631469C
:108FF0000220FFF765FF04460028E2D147444644BB
:10900000A5EB0805D0E74FF0FF34DAE730B510F4F0
:109010007F4F85B00190C0F30725C0F3074217D1F9
:1090200009B1314B9A5C8DF80C208DF80D208DF82C
:109030000E2000209DF80C3063F307009DF80D30E2
:1090400063F30F209DF80E3063F3174005B030BD79
:109050009DF8044061B3244B9A5C0620FF236043D3
:10906000591BB0FBF3F06FF05403434303EB44038D
:1090700003EB4303DBB203FB05F4C3F1FF036B43D4
:1090800024121B12C4F1FF04C3F1FF0351435443E4
:109090005343C1F30721C4F30724C3F30723D2B218
:1090A00006281CD8DFE800F006080F12161B060081
:1090B00092B2D2E714461A468DF80C408DF80D2076
:1090C0008DF80E10B5E70C461946F5E723460C4619
:1090D0001146F0E710461C460A460146ECE72346D7
:1090E00014460A46F0E700BF54110108012184B07C
:1090F00004B0FFF78BBF012830B501D8C0B230BD36
:10910000B0F5F75F88BFFF224FF001049EBF420910
:109110000832D2B2A3185910C3F34705C3F34F0363
:109120005B439BB2834205D96A1ED2B29442F1D905
:10913000601EE3E7FF2902D06C1CE4B2F6E70846A4
:10914000DDE70000074B188800EB402200EB8200AF
:1091500000F55850193080B2188000EB1020C0B2D2
:10916000704700BF660F002010F0400316BFC243D7
:109170000246D2B210B502F00F0103B10131094C21
:10918000C2F3011204EB42035B78594314F8123026
:10919000020603EB2113DBB244BF5B42DBB283F078
:1091A000800010BD2511010884B00190C0F3072391
:1091B00011481C3110F81100E4214843C2EB102083
:1091C0001C300028B8BF4042A3EBC00000B220EA28
:1091D000E070584300128DF805000020019BDAB2C0
:1091E00062F30700C3F3072262F30F20C3F30743C0
:1091F00063F3174004B07047500D002084B0019015
:10920000C0F3074311481C3110F81100E421484312
:10921000C2EB10201C300028B8BF4042A3EBC000B6
:1092200000B220EAE070584300128DF806000020DA
:10923000019BDAB262F30700C3F3072262F30F2047
:10924000C3F3074363F3174004B07047500D002089
:1092500084B0019000208DF80420019BDAB262F303
:109260000700C3F3072262F30F20C3F3074363F33E
:10927000174004B07047000084B0019000200A4BF2
:109280001C3113F811309B1A8DF80430019BDAB2AF
:1092900062F30700C3F3072262F30F20C3F307430F
:1092A00063F3174004B07047500D002084B0019064
:1092B0000B4800EB410090F8393000209B1A8DF8E4
:1092C0000430019BDAB262F30700C3F3072262F3B2
:1092D0000F20C3F3074363F3174004B0704700BF88
:1092E000500D002030B5134D85B01C31019005EBB9
:1092F00041035B78C0B2A3F1200464B2002CBCBF70
:10930000C3F120035CB215F811309A1A22441044BC
:109310008DF804000020019BDAB262F30700C3F36A
:10932000072262F30F20C3F3074363F3174005B02E
:1093300030BD00BF500D002084B0019000209DF88A
:10934000102003EB430302EB53038DF80430019B21
:10935000DAB262F30700C3F3072262F30F20C3F30C
:10936000074363F3174004B070471FB592B20190F2
:1093700048B2002802FB02F2BCBF494248B2C0F129
:10938000380000FB002080B21C46FFF7B4FE00EB63
:109390004000044400208DF80440019BDAB262F3DF
:1093A0000700C3F3072262F30F20C3F3074363F3FD
:1093B000174004B010BD00001FB5124C1C330190C3
:1093C00004EB430014F813304078703B4B432038D3
:1093D00002FB003200209DF80410002AB8BF7F3243
:1093E00001EBE2128DF80420019BDAB262F3070070
:1093F000C3F3072262F30F20C3F3074363F317405D
:1094000004B010BD500D00201FB5124C1C3301904C
:1094100004EB430014F813304078703B4B43203882
:1094200002FB003200209DF80410002AB8BF3F3232
:1094300001EBA2128DF80420019BDAB262F307005F
:10944000C3F3072262F30F20C3F3074363F317400C
:1094500004B010BD500D002030B5184D85B00190FE
:109460001C3305EB430415F813506478A5F1700321
:109470005BB2203C002B02FB04F4BCBFC5F17003BF
:109480005BB2C3F1380201FB024212EB4202C0B2EE
:1094900048BF7F3200EBE21200208DF80420019BD0
:1094A000DAB262F30700C3F3072262F30F20C3F3BB
:1094B000074363F3174005B030BD00BF500D0020D7
:1094C00030B50D4685B00190C4B21046FFF74CFE92
:1094D000124B1C3513F8152002440C20D2B2A2F115
:1094E00080035BB2002BBCBFC2F1800253B25B00B1
:1094F000DBB24343002004EB13238DF80430019BBF
:10950000DAB262F30700C3F3072262F30F20C3F35A
:10951000074363F3174005B030BD00BF500D002076
:1095200084B0114B01901C3113F81110C0B28B1A8A
:109530005BB2002BBCBF521A53B21822DBB25343AA
:1095400000EB13208DF804000020019BDAB262F3D7
:109550000700C3F3072262F30F20C3F3074363F34B
:10956000174004B0704700BF500D0020C94384B0BD
:109570000190C9B2C0F307404143002009128DF8A1
:109580000610019BDAB262F30700C3F3072262F30D
:109590000F20C3F3074363F3174004B0704784B050
:1095A000C9B20190C1F18201C0B20029A8BF401820
:1095B0008DF804000020019BDAB262F30700C3F3C8
:1095C000072262F30F20C3F3074363F3174004B08D
:1095D000704784B003EB8302BDF810300190134450
:1095E0009BB2FF2B28BFFF23DB43C0F30740DBB256
:1095F0000344FF2B28BFFF2300208DF80630019B7A
:10960000DAB262F30700C3F3072262F30F20C3F359
:10961000074363F3174004B0704700291FB5B8BF74
:109620004942002AB8BF524209B2090112B2FF29C9
:109630004FEA0212A8BFFF21FF2AA8BFFF22BDF8F0
:10964000184009B21C4412B2A4B29142D4BF6418AB
:10965000A418A3B2FF2B28BFFF23DB430190DBB28A
:10966000C0F307400344FF2B28BFFF2300208DF8E1
:109670000630019BDAB262F30700C3F3072262F3FC
:109680000F20C3F3074363F3174004B010BD00007D
:109690001FB5482B0190C0F3074030D8BDF81840E3
:1096A000E31A9BB2FF2B28BFFF23083189B2102990
:1096B00005D902F1080189B2112928BFFF23DB4334
:1096C000DBB20344002AB8BF0332FF2B28BFFF23BD
:1096D00000200C498DF80630497801EBA2028DF884
:1096E0000420019BDAB262F30700C3F3072262F39E
:1096F0000F20C3F3074363F3174004B010BDFF23EB
:10970000D3E700BF5439002084B0BDF81020C0F367
:109710000741D31A9BB2FF2B28BFFF23DBB2DA43EA
:10972000D2B21144FF2928BFFF2101900344002039
:109730008DF804308DF80610019BDAB262F3070051
:10974000C3F3072262F30F20C3F3074363F3174009
:1097500004B0704784B0BDF810200190D31A9BB2BA
:10976000FF2B28BFFF23DB43C0F30740DBB20344DA
:10977000FF2B28BFFF2300208DF80630019BDAB2B3
:1097800062F30700C3F3072262F30F20C3F307431A
:1097900063F3174004B07047024B1A7810431870F7
:1097A000704700BFF2230020012310B5044C0622AD
:1097B0001C2104482370FFF763F90023237010BDB8
:1097C000F22300205439002010B5044620B90029A6
:1097D000ACBF0020802010BD80EAE073A3EBE073F3
:1097E0001BB2002903EB0102A7BFCB1A5B015B1A76
:1097F0005201ABBF93FBF2F392FBF3F3C3F12003EF
:10980000C3F160035BB2D8B2002CBCBF4042C0B20F
:10981000E1E730B5C0F3072585B0EB1A019010469B
:10982000DCB2FFF7D1FFC0EB801300EB83002044D4
:10983000C0B2684300128DF805000020019BDAB227
:1098400062F30700C3F3072262F30F20C3F3074359
:1098500063F3174005B030BD30B5C0F3074585B0A0
:10986000EB1A01901046DCB2FFF7AEFFC0EB80139D
:1098700000EB83002044C0B2684300128DF806005C
:109880000020019BDAB262F30700C3F3072262F300
:109890000F20C3F3074363F3174005B030BD30B565
:1098A00085B09DF82040C0F30725019010461C1B91
:1098B000FFF78AFF2C44E4B2201AC0B268430012BA
:1098C0008DF805000020019BDAB262F30700C3F3B4
:1098D000072262F30F20C3F3074363F3174005B079
:1098E00030BD30B585B09DF82040C0F307450190EC
:1098F00010461C1BFFF768FF2C44E4B2201AC0B2CC
:10990000684300128DF806000020019BDAB262F372
:109910000700C3F3072262F30F20C3F3074363F387
:10992000174005B030BD1FB5019010461C46FFF72B
:109930004BFF20448DF804000020019BDAB262F353
:109940000700C3F3072262F30F20C3F3074363F357
:10995000174004B010BD1FB59DF818400190104687
:109960001C1BFFF731FFE4B2241A00208DF80440DD
:10997000019BDAB262F30700C3F3072262F30F2000
:10998000C3F3074363F3174004B010BD062208B5C4
:109990001C210348FFF72CF80022024B1A7008BD67
:1099A00054390020F223002084B004B0FFF79EBB9E
:1099B0002DE9F04F4FF00E0A334D80460AFB00535D
:1099C0005B5C0E46FF2B85B02CD000272F4A4FF052
:1099D00000090AFB07F403F11C0B05EB4B002919E6
:1099E0000190144411F801EBBEF1FF0F10D0F8B252
:1099F00080451AD15FFA89F0864216D10AFB082CFD
:109A00001CF806002030FF2828BFFF200CF80600B5
:109A100009F10109B9F10E0F04F10104E2D1013796
:109A2000042FD4D105B0BDE8F08F0EF11C0E15F84F
:109A30001E00029315F81BC0019B05EB4E0EACEB0C
:109A4000000C9EF801E058780391A0EB0E0080B264
:109A500040430CFB0C0080B2FFF74DFB2828029B13
:109A600003990A4AD4D894F800C0C0F12800C0B2C3
:109A7000102894BF84440CF1100C6046FF2828BFC6
:109A8000FF202070C4E700BF500D0020F423002009
:109A900010B5007800EB80004000C0B200F10A046D
:109AA000E4B2322C214628BF3221FAF7DDFD312CF9
:109AB0008CBF0020012010BDFFF768BF10B5084C17
:109AC00035232046032200F8013B0649F6F75EFDE8
:109AD000CC232371FF236371BDE81040FFF756BF0D
:109AE00054390020C80601080020704770B514469C
:109AF00006460D46FFF7F8FF0E22054B02FB063324
:109B00005B5DFF2B1EBF23540130C0B270BD00BF90
:109B1000500D0020014BDB68184700BF30110108D1
:109B2000312817B406DC054C6468A446019403B0E0
:109B300010BC604703B010BC704700BF3011010873
:109B40002DE9F04F0478804604EB84046400E4B20D
:109B500004F10A06F6B2322EB34628BF4FF0320B9C
:109B60002E4BDFF8BC901D8899F8043089B05B0853
:109B70005D432C4B0391C5F3072503EB440703F129
:109B80009C0AE3B29B4506D8312E8CBF00200120F1
:109B900009B0BDE8F08F14F80A2098F801301A4295
:109BA00038D097F8392097F83810203A92B202FB53
:109BB00002F0703989B201FB010080B20592049174
:109BC000FFF799FA99F801C0034699F8020099F84D
:109BD00003E0059A04994CEA002012B209B2DDF8BC
:109BE0000CC040EA0E400095E047C0F307238DF813
:109BF0001C00C0F307408DF81D308DF81E0007983B
:109C0000FFF7D2FEC0F30743C0F30722C1B22046DC
:109C1000FFF786FF02370134B3E700BF5C3900204D
:109C200054390020500D00200149FFF789BF00BFC3
:109C30009F9800080149FFF783BF00BFE398000821
:109C40000149FFF77DBF00BF399300080149FFF7C5
:109C500077BF00BF579900082DE9F04F0478804680
:109C600004EB84046400E4B204F10A06F6B2322E76
:109C7000B34628BF4FF0320BDFF89890264B99F887
:109C800004501B886D085D43244B85B00191C5F3DA
:109C9000072503EB440703F19C0AE3B29B4506D872
:109CA000312E8CBF0020012005B0BDE8F08F14F8E4
:109CB0000A2098F801301A4228D099F8023099F811
:109CC000010099F803C097F8392097F8381040EA56
:109CD0000320203A70392B4640EA0C40DDF804C0DE
:109CE000E047C0F307238DF80C00C0F307408DF860
:109CF0000D308DF80E000398FFF756FEC0F30743B2
:109D0000C0F30722C1B22046FFF70AFF0237013431
:109D1000C3E700BF543900205C390020500D0020FB
:109D20000149FFF799BF00BF139800080149FFF7E9
:109D300093BF00BF599800080149FFF78DBF00BFCE
:109D40006B9300080149FFF787BF00BF2799000800
:109D50002DE9F74F0478064604EB84046400E4B26E
:109D600004F10A085FFA88F8B8F1320FC2460F46CC
:109D700028BF4FF0320ADFF88090204A99F804504B
:109D8000DFF87CB0AB08158803FB0555C5F3072544
:109D9000E1B28A4507D8B8F1310F8CBF002001200D
:109DA00003B0BDE8F08F14F80B2073781A4220D06E
:109DB00099F8020099F801302A4643EA002399F8FD
:109DC000030043EA0040B847C0F307238DF80400BE
:109DD000C0F307408DF805308DF806000198FFF7B5
:109DE000E3FDC0F30743C0F30722C1B22046FFF7EB
:109DF00097FE0134CCE700BF543900205C390020C5
:109E0000EC0D00200149FFF7A3BF00BFA991000896
:109E10000149FFF79DBF00BFFD9100080149FFF711
:109E200097BF00BF519200080149FFF791BF00BFE3
:109E3000799200080149FFF78BBF00BFAD9200087F
:109E40000149FFF785BF00BFE59200080149FFF710
:109E50007FBF00BFC19400080149FFF779BF00BF71
:109E6000219500082DE9F04FDFF8C0A0304B9AF89B
:109E700004501B880478AD085D4304EB840464003F
:109E8000E4B2C5F3072504F10A085FFA88F88146B1
:109E900005F1400087B0B8F1320FC0B20391C3465C
:109EA00028BF4FF0320BFFF75FF9A0F1800628467C
:109EB000FFF75AF9A0F1800776B27FB2E3B29B4573
:109EC00007D8B8F1310F8CBF0020012007B0BDE8E2
:109ED000F08F184AA15C99F80120114224D09AF819
:109EE00002209AF801009AF803C040EA02203146A5
:109EF0003A4640EA0C400095DDF80CC0E047C0F35C
:109F000007238DF81400C0F307408DF815308DF845
:109F100016000598FFF748FDC0F30743C0F307227A
:109F2000C1B22046FFF7FCFD0134C7E754390020D9
:109F30005C390020EC0D00200149FFF793BF00BF02
:109F4000B99300080149FFF78DBF00BF09940008CD
:109F50000149FFF787BF00BF599400082DE9F04F72
:109F60000478364D04EB84046400E4B22F7904F1E4
:109F70000A06F6B20137322EB14628BF4FF0320939
:109F8000FF2F28BFFF274FF6FF738046B3FBF7F77D
:109F900085B0DFF8ACB0DFF8ACA00191E0B281454C
:109FA00006D8312E8CBF0020012005B0BDE8F08F0F
:109FB00014F80B2098F801301A422DD09AF800308E
:109FC0002149013B5BB21A0628D53A462979A8787F
:109FD0000131FF2928BFFF216B78514343EA002359
:109FE000E878C1F30F2143EA0040019B9847C0F392
:109FF00007238DF80C00C0F307408DF80D308DF865
:10A000000E000398FFF7D0FCC0F30743C0F307220C
:10A01000C1B22046FFF784FD0134BFE75A5C82429B
:10A020000AD103F10C020AEB420292F801C09278C5
:10A030004CEA0222BA42C9D3013BC4E7543900209A
:10A04000EC0D002060390020713900200149FFF734
:10A0500085BF00BF6D9500080149FFF77FBF00BFB6
:10A060009F9500082DE9F04F0C78824604EB84049C
:10A070006400E4B204F10A07FFB2322F3B4628BF66
:10A0800032238B468BB00293404B04921B78039390
:10A090003F4B03EB44089C330593029AE3B29A4288
:10A0A00006D8312F8CBF002001200BB0BDE8F08F07
:10A0B000059BE25C9BF801301A4220D0D146002576
:10A0C0000322344908A8F6F761FA304B0AF1010679
:10A0D0001E44039A5FFA89F39A4214D82E4BD8781B
:10A0E00045432D128DF822500898FFF75DFCC0F310
:10A0F0000743C0F30722C1B22046FFF711FD013428
:10A1000008F10208C9E716F8013B98F8381098F8EA
:10A110003920C91AF37989B2D21A92B202FB02F03D
:10A1200001FB010080B207920691FEF7E4FF1A4A94
:10A1300009F10C0C92F804E0144A0EF1010EBEF184
:10A14000FF0F28BF4FF0FF0E02EB4C0C03469CF8AC
:10A1500001009CF802C0079A40EA0C200EFB00F0B8
:10A1600006998DF82250C0F30F20049D009012B282
:10A17000089809B2A847C0F307238DF820008DF88E
:10A180002130C0F3074509F10109A2E76039002039
:10A19000500D00205539002054390020044B014651
:10A1A0001B78044A013B23EAE373D8B2FFF75ABF96
:10A1B00060390020D39500080146024A0020FFF7CD
:10A1C00051BF00BFD3950008044B01461B78044AD9
:10A1D000013B23EAE373D8B2FFF744BF60390020A4
:10A1E0001B9600080146024A0020FFF73BBF00BF54
:10A1F0001B960008044B01461B78044A013B23EAE6
:10A20000E373D8B2FFF72EBF6039002091960008A3
:10A210000146024A0020FFF725BF00BF91960008C3
:10A22000044B01461B78044A013B23EAE373D8B28E
:10A23000FFF718BF60390020099700080146024A5D
:10A240000020FFF70FBF00BF09970008044B01462D
:10A250001B78044A013B23EAE373D8B2FFF702BF3D
:10A2600060390020559700080146024A0020FFF798
:10A27000F9BE00BF559700082DE9F34104781E4A46
:10A2800004EB84045378054664009078E4B243EA12
:10A29000002304F10A06D078F6B2322E43EA0040D9
:10A2A000374628BF3227FFF77FFBC0F307238DF81F
:10A2B0000530DFF84880C0F307438DF804008DF8BF
:10A2C0000630E3B29F4206D8312E8CBF0020012019
:10A2D00002B0BDE8F08114F808206B781A4208D06B
:10A2E00020469DF806309DF805209DF80410FFF7E4
:10A2F00017FC0134E5E700BF54390020EC0D0020C5
:10A300002DE9F0430478DFF8B89004EB840464008E
:10A31000E4B204F10A0585B0EDB2322D4FF003022C
:10A3200009F10101064601A82F4628BF3227F6F79A
:10A330002DF9019899F80180FFF736FBC0F3072348
:10A340008DF8093099F804308DF8080098448DF89C
:10A350000480C0F307408DF80A000198FFF724FB42
:10A36000C0F307238DF80D30DFF85880C0F30743A2
:10A370008DF80C008DF80E30E3B29F4206D8312DD7
:10A380008CBF0020012005B0BDE8F08314F8083030
:10A390007278134211D0DB07204643BF9DF80E3080
:10A3A0009DF80D209DF80C109DF80A305CBF9DF8BB
:10A3B00009209DF80810FFF7B3FB0134DCE700BF6C
:10A3C00054390020EC0D00202DE9F74F0478DFF818
:10A3D000848004EB84046400E4B204F10A05EDB265
:10A3E000322D06464FF00302684608F10101AA46E5
:10A3F000DFF8649028BF4FF0320AF6F7C7F898F8F4
:10A400000470A9F1630BBF08E3B29A4506D8312D59
:10A410008CBF0020012003B0BDE8F08F14F80920A4
:10A4200073781A4213D01BF814301A0998F80130C7
:10A4300002FB07338DF800300098FFF7B5FAC0F340
:10A440000743C0F30722C1B22046FFF769FB01347E
:10A45000DAE700BF54390020EC0D00202DE9F74F5A
:10A460000478DFF8848004EB84046400E4B204F12F
:10A470000A05EDB2322D06464FF00302684608F198
:10A480000101AA46DFF8649028BF4FF0320AF6F7C0
:10A490007DF898F80470A9F1640BBF08E3B29A45FF
:10A4A00006D8312D8CBF0020012003B0BDE8F08F0D
:10A4B00014F8092073781A4214D01BF8143007FBE3
:10A4C00003F298F8013003EB52138DF80030009836
:10A4D000FFF76AFAC0F30743C0F30722C1B2204670
:10A4E000FFF71EFB0134D9E754390020EC0D0020A2
:10A4F0002DE9F7430478DFF8B09004EB840464009E
:10A50000E4B204F10A05EDB2322D4FF0030209F175
:10A510000101064668462F4628BF3227F6F736F86F
:10A52000224B99F80380188899F80430DB085843C7
:10A53000C0F30720FEF718FEA0F180035BB2002BEA
:10A54000BCBFC0F1800043B25B00DBB208FB03F389
:10A550001B128DF802300098FFF726FADFF85080C2
:10A56000C0F307238DF80400C0F307408DF80530D1
:10A570008DF80600E3B29F4206D8312D8CBF002033
:10A58000012003B0BDE8F08314F8082073781A4264
:10A5900008D020469DF806309DF805209DF804104F
:10A5A000FFF7BEFA0134E5E7543900205C3900209A
:10A5B000EC0D002037B5194B0446034493F89C304A
:10A5C000194229D0164B9A7859788DF80120DA78FB
:10A5D0008DF80220FEF7B6FD4FF4B47201F1B4031A
:10A5E000B3FBF2F502FB15335B1A48BF033300F0EF
:10A5F00003009B1003FB00138DF800300098FFF759
:10A60000D3F9C0F30743C0F30722C1B2204603B019
:10A61000BDE83040FFF784BA03B030BD500D0020D4
:10A6200054390020F8B50478837804EB840464007E
:10A63000E4B204F10A060546F6B2F3B9154B164A20
:10A640001B7912881033FF2B28BFFF2353430A22A4
:10A65000C3F30F23B3FBF2F102FB11339BB23BB9FF
:10A66000FEF770FD3223584369780012FFF7A2FF0E
:10A67000312E8CBF00200120F8BD322E374628BF76
:10A680003227A742F4DD20466978FFF793FF0134B3
:10A69000F7E700BF543900205C39002013B5134B95
:10A6A0000446034493F89C3019421CD0FEF74AFD3F
:10A6B0008DF80000FEF746FD40F357037F338DF819
:10A6C00001300B4BDB788DF802300098FFF76CF906
:10A6D000C0F30743C0F30722C1B2204602B0BDE871
:10A6E0001040FFF71DBA02B010BD00BF500D002092
:10A6F00054390020F8B586780546E6B91A4B1B4A4E
:10A700001B7912881033FF2B28BFFF2353430522E8
:10A71000C3F30F23B3FBF2F202EB82029B1A9BB24C
:10A720003BB9FEF70FFD3223584369780012FFF75B
:10A73000B5FF3046F8BD047804EB84046400E4B24D
:10A7400004F10A06F6B2322E374628BF3227A74256
:10A7500004DC312E8CBF00260126EAE7204669780A
:10A76000FFF79CFF0134F2E7543900205C390020E8
:10A770002DE9F7430478DFF8B49004EB8404640017
:10A78000E4B204F10A05EDB2322D4FF0030209F1F3
:10A790000101064668462F4628BF3227F5F7F6FE28
:10A7A000234B99F80180188899F80430DB08584346
:10A7B000C0F30720FEF7D8FC0C22A0F180035BB2A7
:10A7C000002BBCBFC0F1800043B25B00DBB253433F
:10A7D00008EB13238DF800300098FEF787FCDFF8B4
:10A7E0005480C0F307238DF80400C0F307408DF8B0
:10A7F00005308DF80600E3B29F4206D8312D8CBF9C
:10A800000020012003B0BDE8F08314F8082073781D
:10A810001A4208D020469DF806309DF805209DF884
:10A820000410FFF77DF90134E5E700BF543900203B
:10A830005C390020EC0D0020014B9B68184700BFDD
:10A84000301101082DE9F04F037885B003EB830345
:10A850005B005FFA83FB0BF10A0A5FFA8AFA534640
:10A86000322B28BF32230093837880464BB10022DD
:10A8700011461046FFF7E0FF382200213948F5F76E
:10A88000FBFE98F800306BB9374C208802F0A7F82F
:10A8900018288CBF01220022344B1A7002D902F012
:10A8A00099F8208000252C46A94603E0B9F1090F4C
:10A8B0004FD800240E266E432D4A931919191B5D9B
:10A8C00001915B453DD300998B423AD2134493F8F2
:10A8D0009C2098F8013009F101091A425FFA89F9C0
:10A8E0002FD0204B234A1E44375DA7F1550323EA9E
:10A8F000E373C3F1AA038DF808309378D2788DF80A
:10A90000093007F1AA03FF2B28BFFF2303EB430302
:10A910000233DBB253431B128DF80A300298FFF763
:10A9200043F8C0F30743C0F30722C1B2019800788F
:10A93000FFF7F6F80D4B1B781BB1013F27EAE777CD
:10A9400037550134E4B20E2CB4D10135EDB2042DEB
:10A95000ACD1BAF1310F8CBF0020012005B0BDE8A9
:10A96000F08F00BFF42300202C240020F1230020CE
:10A97000500D0020543900202DE9F04F524B87B084
:10A98000DC78524E04EB44034FEAA30B9B0802937E
:10A99000FF23B3FBF4F3019383785BB100221146EC
:10A9A0001046FFF749FF382200214948F5F764FEB9
:10A9B000002333700025474FDFF814A13B780133A3
:10A9C0003B70D0464FF0000932785FFA89F31A43A2
:10A9D00063D10393F5F796FF3F4B9842039B5CDCF2
:10A9E0008AF800402946184604AAFFF77FF898B174
:10A9F00098F80020029B9DF810009A425CD9A2EBC7
:10AA00000B030BFB03F3A4EB0B0293FBF2F32246C5
:10AA1000DBB21946FFF784F809F10109B9F1040F17
:10AA200008F10E08D0D10135EDB20E2D0AF1010A60
:10AA3000C7D13B78019A934204BF00233B7033781F
:10AA40000133DBB21C2B3DD900233370234E03238B
:10AA50003546671E304629460E22032B04D190F856
:10AA600000C0644508BF077011F80ECC013AA44538
:10AA700024BF01F80E7C0C7012F0FF0201F10101FD
:10AA800000F10100E9D1013B13F0FF03A5F10E0530
:10AA9000E0D1002007B0BDE8F08F98F80020002A30
:10AAA000A0D094429ED939780198814204BF02F126
:10AAB000FF3288F8002095E76243B2FBFBF20023E7
:10AAC000D2B2A6E73370E4E754390020F323002024
:10AAD000F4230020F0230020545555051E240020A7
:10AAE0002DE9F04F85B006460F461546FCF7C6FD2A
:10AAF0008046002854D0002D55D03946304602AA51
:10AB0000FEF7F4FF0446DFF8DC9099F800302344A8
:10AB1000082B23DDC4F1080A611C5246494409F19F
:10AB20000100F5F733FD04F109015246494409F1EA
:10AB30000900F5F72BFD09EB44014FEA4A021931F0
:10AB400009F11900F5F722FD04F1110152464944BB
:10AB500009F11100F5F71AFD89F800A0002299F813
:10AB600000B01146914602ABDFF878C0DFF878E01C
:10AB70000193D0B200EB0B03DBB28442009314D8F4
:10AB80005C44E4B209B1174B1C704DB1174B1B78F4
:10AB900003F0FC037C2B03D139463046FEF708FF57
:10ABA00005B0BDE8F08F2C46ADE7019B013213F8EC
:10ABB00001AB0193009B0AF11C010CEB03001EF892
:10ABC00011300EEB41014370009B49780C330CEBC4
:10ABD0004303417280F811A0414683F8019083F845
:10ABE0000290C6E72E240020500D0020543900208A
:10ABF0002DE9F04F904B89B01B78DFF840A28342DB
:10AC0000029048D18E4A9AF80030127803F003037C
:10AC10009B1A18BF01238B4C6278A3709AF80530F9
:10AC20009A4205D00022114610466370FFF704FED9
:10AC3000029B2D2B3AD8DFE813F030003B00400098
:10AC4000440048004C005000540058005C00600074
:10AC5000640068006C007000740078007C00800064
:10AC6000840088008C009000940098009C00A00054
:10AC7000A400A8000D01DB017A027E028202860296
:10AC80009F02A302A702AB02AF02B302B702BB024C
:10AC9000BF02C302C7020123BDE7A478002C00F065
:10ACA0000181002211461046FFF7C6FD0024F9E09D
:10ACB0006448FFF7E1FA0446F4E06248FFF720FB3E
:10ACC000F9E76048FFF780FBF5E75E48FFF7C6FB52
:10ACD000F1E75C48FFF70CFCEDE75A48FFF792F804
:10ACE000E9E75848FFF794F8E5E75648FFF718F802
:10ACF000E1E75448FFF71AF8DDE75248FEF794FF02
:10AD0000D9E75048FEF796FFD5E74E48FFF786F89B
:10AD1000D1E74C48FFF788F8CDE74A48FFF78AF8B3
:10AD2000C9E74848FFF78CF8C5E74648FEF788FFB3
:10AD3000C1E74448FFF700F8BDE74248FFF702F8D3
:10AD4000B9E74048FEF782FFB5E73E48FFF7F4F861
:10AD5000B1E73C48FFF7F6F8ADE73A48FFF7F8F8F7
:10AD6000A9E73848FFF75EFCA5E73648FFF7C2FCC5
:10AD7000A1E73448FFF7FCFC9DE73248FFF766F88F
:10AD800099E73048FFF768F895E720782E4F2F4E67
:10AD90003A683368013000EB800040009A42C5B247
:10ADA00025D9FEF7CFF932235843294B4FEA202803
:10ADB00003EB202090F89C2063781A4217D0FEF70E
:10ADC000C1F9820718D500231A4619464046FEF7F6
:10ADD000A7FE9AF804304FF4FA721033FF2B28BF05
:10ADE000FF231B09B2FBF3F33A6813443360312DA0
:10ADF0008CBF0024012455E0FEF7A4F98DF818005B
:10AE0000FEF7A0F99AF8033040F357007F308DF831
:10AE10001A308DF819000698FEF7C6FDC0F3072218
:10AE2000C0F307438DF81D208DF81E308DF81C00EF
:10AE3000DBB2D2B2C1B2C9E7630F0020543900209F
:10AE4000640F0020600F00205C3900201C250020CA
:10AE5000500D0020DFF8F892BE4BD9F800201B6897
:10AE60009A423FF623AFA378BB4D63BB2078DFF84F
:10AE7000ECB200EB80004000C0B200F10A085FFABB
:10AE800088F84646322E28BF322600EB40072F4472
:10AE9000C3B29E4251D8B8F1310F94BF01240024AF
:10AEA00000F28780AE4B1A7801321A7044B9022141
:10AEB000AC4A9B7811701BB9029B0BB9032313702A
:10AEC00009B0BDE8F08F0022002611461046FFF7BA
:10AED000B3FC2F46B046FEF735F983070BD587F84C
:10AEE000008087F8018087F802800136322E07F152
:10AEF0000307F0D1BAE7FEF725F98DF81C00FEF73D
:10AF000021F99AF8033040F357007F308DF81E3056
:10AF10008DF81D0006EB4603079805EB030B019324
:10AF2000FEF7E4F8019BE854C0F30723C0F30740A1
:10AF30008BF801308BF80200D7E710F80B2063780C
:10AF40001A4206D0BB787A7839780190FEF7E8FD8E
:10AF50000198033701309BE701EB4100013101EB20
:10AF60004101032229442844F5F710FBF9B2B1420C
:10AF700007F10107F0DBFEF7E5F810F0020F4FEAEA
:10AF8000460119D000230E44AA19AB555370937093
:10AF90009AF8043040F6B8321033FF2B28BFFF2355
:10AFA0001B09B2FBF3F36B4A12681344C9F8003073
:10AFB00078E70027013ED9E7FEF7C4F88DF81C00BA
:10AFC000FEF7C0F89AF8033040F357007F308DF851
:10AFD0001E308DF81D0007980E44FEF787F8AF1954
:10AFE000A855C0F30723C0F307407B70B870CFE7C4
:10AFF000A37823B1002211461046FFF71DFC2078EC
:10B00000013000EB80004000C3B20493514B1A683A
:10B01000554B1B689A4275D99AF802009AF801308C
:10B02000DFF8488143EA00239AF80300504D43EAD1
:10B030000040FEF7B9FCC0F30726C0F307478DF8C0
:10B040001D608DF81E708DF81C00C4B2F6B2FFB200
:10B05000C1464FF0000B05F10D0301930395039AD0
:10B0600019F8013B12F8010B0392002B4DD03B461F
:10B0700032462146FEF754FD3B46324621460198B2
:10B080000BF1010B0078FEF74BFD99F800305FFAE9
:10B090008BFB09F8013C019BBBF1060F03F1FF3369
:10B0A0000193DCD198F80690A879B9F1000F35D05A
:10B0B0003B4632462146FEF733FD3B4632462146AB
:10B0C000E879FEF72DFDFEF73DF810F0030F0CBFF9
:10B0D0000123002388F80630264B0E35AB4208F1D9
:10B0E0000708B5D19AF8043040F6B8321033FF2B78
:10B0F00028BFFF231B09B2FBF3F3164A126813445F
:10B10000194A1360049B312B72E61A4619460593BF
:10B11000FEF706FD059B1A461946B0E74B464A4620
:10B120004946FEF7FDFC4B464A464946C8E70C48EF
:10B13000FFF788FBBFE50A48FFF71EFCBBE50848A0
:10B14000FEF784FFB7E50648FEF786FFB3E500BFCC
:10B15000182500205C39002073240020EC0D00200D
:10B16000600F0020650F00201425002057240020C8
:10B17000500D0020880D00201548FFF70FF89AE5C4
:10B180001348FFF719F896E51148FFF71DF892E507
:10B190000F48FFF727F88EE50D48FFF72BF88AE5F3
:10B1A0000B48FFF735F886E50948FFF739F882E5DF
:10B1B0000748FFF743F87EE50548FFF747F87AE5CB
:10B1C0000348FFF751F876E50148FEF761FC72E5A8
:10B1D000600F00200120704708B5FFF7FBFF08BD96
:10B1E00008B5017801EB81014900C9B2A1F10A005B
:10B1F000322928BF322100F0FE00F9F73BF908BDE3
:10B200002DE9F041374C384E206801F0EFFB054640
:10B2100001F0A8FB2060002496F800E0A4467146E7
:10B22000C5F57F47FF37E3B29E4511D8BCF1000F4B
:10B2300000D031702D4A2E4C137813F0030518BF3F
:10B240009D082378032B27D8DFE803F01A28343F22
:10B2500004F10C0206EB4202537892F802800134AA
:10B2600043EA08239F4229BF5B1901F1FF31537064
:10B27000C3F307233ABF4FF0010CC9B29370D2E772
:10B2800000221C4B18491A701B4B292218601B48BE
:10B29000F5F77CF901232370BDE8F0812846FFF71C
:10B2A000A7FC002DF8D0FFF797FFBDE8F04111484B
:10B2B000FFF796BF124B1D701378124AC3F30103B8
:10B2C0001370FEF727FC0323E5E70F4B1B780BB148
:10B2D000FEF75CFB084B186801F088FB0F28DBD9F0
:10B2E0000023D8E70C2500202E240020543900200C
:10B2F000650F0020600F00205C39002060390020BD
:10B30000630F0020640F0020F223002010B50024FA
:10B31000114B1B68984711481022FF2100F8194B68
:10B32000F5F7AAF90E481022FF2100F8194BF5F79E
:10B33000A3F9FCF7DAF818B9FCF760F9FEF7BEFBE1
:10B34000FEF732FA074B1B7813F0FC0F03D1BDE870
:10B350001040FEF7B3BB10BD30110108603900206A
:10B360002E2400205439002070B504460A4E88B1BE
:10B3700035787DB92846FFF73BFC084B084A1D701D
:10B38000084B1B78C3F301031370FEF7C3FB0322C2
:10B39000054B1A70347070BD10250020630F00201B
:10B3A000640F002054390020650F0020044A1378F0
:10B3B00083F0010313700022024B1A70FEF7ECB900
:10B3C00054390020650F00200020FFF7EFBF012057
:10B3D000FFF7ECBF064A137813F0030304BF0549D7
:10B3E0000B700121137861F301031370704700BFE4
:10B3F00054390020650F002008B5FFF7EBFFBDE8CA
:10B4000008400120FEF7C8B9054B1A7892071EBF05
:10B410000021044A11701A786FF301021A70704704
:10B4200054390020650F002008B5FFF7EDFFBDE897
:10B4300008400120FEF7B0B9024B187800F0030075
:10B44000704700BF5439002010B40B4C02462378DB
:10B45000084699070ED04AB9012262F387030022F9
:10B460002370064B1A7010BCFEF796B92D2A88BFC0
:10B470002D22F2E710BC704754390020650F0020E0
:10B480000021FFF7E1BF0121FFF7DEBF014B187874
:10B490008008704754390020054B01461B789B08F3
:10B4A00001332E2B34BF18460120FFF7CDBF00BF5C
:10B4B000543900200120FFF7EFBF0000064B014682
:10B4C0001B78C3F38503013B13F0FF0314BF184639
:10B4D0002D20FFF7B9BF00BF543900200120FFF72E
:10B4E000EDBF000030B4084C0546184623789B0792
:10B4F00008D06E2A28BF6E226570A170E27030BC41
:10B50000FEF74AB930BC7047543900200023FFF7DA
:10B51000E9BF0123FFF7E6BF014B5878704700BF32
:10B5200054390020014B9878704700BF54390020EF
:10B53000014BD878704700BF5439002003490346B7
:10B540004878CA7829308978FFF7CCBF5439002071
:10B550000120FFF7F3BF0000054910B44C78034603
:10B56000293CCA78A0B2897810BCFFF7BBBF00BFE6
:10B57000543900200120FFF7EFBF000010B4064C43
:10B580000346A178E2780131FF2928BFFF216078C6
:10B59000C9B210BCFFF7A6BF543900200120FFF745
:10B5A000EDBF000010B4064C0346A178E2780139E3
:10B5B00021EAE1716078C9B210BCFFF793BF00BF08
:10B5C000543900200120FFF7EDBF000010B4064CF5
:10B5D0000346E278A1781E32FF2A28BFFF22607856
:10B5E000D2B210BCFFF77EBF543900200120FFF714
:10B5F000EDBF000010B4064C0346E278A1781E3A75
:10B6000022EAE2726078D2B210BCFFF76BBF00BFD3
:10B61000543900200120FFF7EDBF0000024B1871E4
:10B620000020FEF7B9B800BF54390020024B187152
:10B630000120FEF7B1B800BF54390020014B187942
:10B64000704700BF54390020044A13793333FF2B6D
:10B6500028BFFF231371FEF79FB800BF54390020A5
:10B660000120FFF7F1BF0000034A1379333B23EABF
:10B67000E3731371FEF790B8543900200120FFF7EF
:10B68000F3BF704730B5044D00EB40002C186270DA
:10B69000A370295430BD00BF8939002070B513460E
:10B6A00005460E4600242046324629460134FFF75F
:10B6B000E9FF322CF7D170BD3221014800F098B873
:10B6C0008939002000B110470847000038B58C7850
:10B6D0000546002C44D0FBF701FEA5F5F043203BC6
:10B6E00000F02200142B0FD8DFE803F00B10151820
:10B6F0001B1E2124272A2D303436380D0D0D0D0D3B
:10B700000D00FFF764FE0024204638BD154A164997
:10B71000FFF7D8FFF7E7144A1249F9E7134A14492B
:10B72000F6E7134A1149F3E7124A1349F0E7124AC0
:10B730001049EDE7114A1249EAE7114A0F49E7E7D4
:10B74000104A1149E4E7104A0E49E1E70120FFF7EA
:10B750009AFED8E70520FAE70D20F8E71220F6E771
:10B760000124D1E7DDB40008B5B4000875B50008C0
:10B7700051B50008C5B500089DB5000815B600080C
:10B78000EDB500087DB6000861B60008C1F10301FF
:10B79000490040FA01F3022213F0010F14BF0E23F7
:10B7A000082302FA01F101421ABFA3F12000C0B23E
:10B7B00043F080007047000010B50A4C40F282222E
:10B7C0004FF40041084803F00CFA204602F092FDC5
:10B7D0002046064902F018FD2046BDE8104002F060
:10B7E0002FBD00BF383C002000040040401101087C
:10B7F0002DE9F04F2B4C064623780F4685B01BB938
:10B80000FFF7DAFF0123237000254FF00C09DFF862
:10B810009880ECB2BC4208D34FF43371224A2348DB
:10B8200005B0BDE8F04F02F026BD002104EB440353
:10B8300009FB04F4F21892F801B092F802A0F35C4C
:10B84000221D42441846039202910193FFF79EFF86
:10B850000299039A01310429019B02F8010BF1D1ED
:10B86000002104F108034344584602930191FFF775
:10B870008DFF0199029B0131042903F8010BF3D1DB
:10B880004FF0000B0C34444459465046FFF77EFFFE
:10B890000BF1010BBBF1040F04F8010BF4D10135DE
:10B8A000B7E700BF2025002021250020383C0020DC
:10B8B0004FF4FB7008B5FDF74DF8252801D00020A6
:10B8C00008BD40F2F710FDF745F80528F7D14FF411
:10B8D000FC70FDF73FF8A0F1130358425841EFE721
:10B8E00010B5041E14BF2521FF214FF4FB70FDF796
:10B8F00099F8002C14BF0521FF2140F2F710FDF745
:10B9000091F8002C18BF1321BDE8104008BFFF219B
:10B910004FF4FC70FDF786B8704708B540F2F91097
:10B92000FDF718F808BD704710B50446FFF7FBFF98
:10B93000E1B240F2F910BDE81040FDF773B808B568
:10B940000020FFF7CDFF0020FFF7EEFF00F03EFBE9
:10B9500000F0D2FBBDE808400120FFF7C1BF08B5E9
:10B96000FFF7DAFFFFF7D9FFFFF7DDFFFFF7A0FFD3
:10B9700018B9BDE80840FFF7E2BF08BDFFF724BDD6
:10B9800008B50346887840B1A3F5EE427F2A03D874
:10B99000D8B200F0BDFB002008BD0120FCE710B5C7
:10B9A00003780446013B032B0BD8DFE803F0020BBE
:10B9B0001215FFF7BDFD6E23C0EB0020B0FBF3F0C6
:10B9C000607010BDFFF738FD0028F9D0FFF75EFD6D
:10B9D000F6E7FFF733FEF3E7FFF79EFD6070FFF732
:10B9E000A1FDA070EDE738B503780446013B032BB9
:10B9F0002CD8DFE803F002111E23FFF78DFD05466A
:10BA0000FFF790FD6E23627801465A43A8B2120AEE
:10BA1000BDE83840FFF77ABD43781BB9BDE8384030
:10BA2000FFF7F2BCFFF7D6FC6078BDE83840FFF7BF
:10BA300027BD4078BDE83840FFF7F0BD45788478F1
:10BA4000FFF776FD214602462846E1E738BD03466A
:10BA500010F8022B082A05D0092A05D0072A05D19B
:10BA6000FFF7C1BFFFF79BBFFEF726B8FF221A7092
:10BA7000704708B54378032B03D1BDE80840FFF7B2
:10BA8000E6BFF7F711FB08BD2DE9F04104460D466E
:10BA9000F7F71EFA002840F0B7802378013B122BFD
:10BAA00047D8DFE803F00A14415B616D707070469F
:10BAB0004675797F8A95989BA600002363700C23B6
:10BAC000A37029462046BDE8F04101F06DBA6378C5
:10BAD000013B032B2DD8DFE803F0020C0F2100F00F
:10BAE00041FF030EA370030CE370030A237160711E
:10BAF000E7E7FFF712FFF4E72646A77804F11C08F2
:10BB0000032FDED8F8B2FCF779F8030AF37030712E
:10BB10000236B04507F10107F2D1D2E70023A37046
:10BB2000E37023716371CCE76378022B04D0052B9B
:10BB300010D0FF232370C4E7E378A07840EA032005
:10BB4000237940EA0340637940EA036000BAFFF7D3
:10BB5000EBFEB6E7A078FFF711FFB2E7E278A17835
:10BB6000607800F008FAC0E762792379A17843EAA7
:10BB700002235BBAE27860789BB200F012FAA0E789
:10BB800000F024FA9DE729462046FFF772FF98E768
:10BB900000F07CFA607094E700F07AFA030A6370B0
:10BBA000A0708EE76078A378E17840EA032040BA7D
:10BBB000221D80B200F06FFA83E76078A378E17805
:10BBC00040EA032040BA221D80B200F080FA78E7F4
:10BBD00000F092FA75E700F0C2F9DBE76078A3782D
:10BBE000E17840EA032040BA221D80B200F016FA44
:10BBF00067E76078A378E17840EA032040BA221D25
:10BC000080B200F022FA5CE7BDE8F081F0B545189B
:10BC10000446194610460026AC4200D3F0BD14F885
:10BC2000012B4FEA011C424093184FEA021E41EBE0
:10BC300001004CEA127C13EB0E0340EB0C004FEAC0
:10BC4000421E9B184FEA411C41EB00004CEAD26CAB
:10BC500013EB0E0340EB0C004FEAC21E4FEAC11C6F
:10BC600017024CEA526C13EB0E034FEA012140EB32
:10BC70000C0041EA1261DA1940EB01013944B018B5
:10BC8000CAE7000038B505468878002800F0DC8057
:10BC9000A5F5E045ABB2222B00F2BB80FBF73DFCE3
:10BCA0006A4C013D2080212D12D8DFE805F04DBD02
:10BCB000551B1F59235D692FB5336D3771973B7540
:10BCC0009F417B8327612B65477F8EA9B31651C5A2
:10BCD000237843F00103237095E0637843F0080371
:10BCE000637090E0237843F00203F4E7237843F095
:10BCF0000403F0E7237843F00803ECE7637843F0AC
:10BD00000103EDE7637843F00203E9E7237843F0AA
:10BD10001003E0E7237843F02003DCE7237843F0C7
:10BD20004003D8E7FAF792FE237843F08003D2E786
:10BD3000237823F00C0343F00C03CCE7637823F063
:10BD4000030343F00303CBE723786FF30003C2E759
:10BD500063786FF3C303C3E723786FF34103BAE754
:10BD600023786FF38203B6E723786FF3C303B2E758
:10BD700063786FF30003B3E763786FF34103AFE7D2
:10BD800023786FF30413A6E723786FF34513A2E734
:10BD900023786FF386139EE7FAF758FE23786FF344
:10BDA000C71398E7237823F00C0394E7637823F014
:10BDB000030395E72378C3F3800282F00102D2B235
:10BDC00062F3820362F3C30385E76378DA4302F028
:10BDD000010262F3000362F3410381E72378C3F3B6
:10BDE000801282F0010262F3861374E7FAF72EFEE6
:10BDF0002378C3F3C01282F0010262F3C7136AE72B
:10BE00000120FBF79FFB2088FBF78AFBFAF71EFE59
:10BE1000002038BD0020F4E72378C3F3001282F03D
:10BE2000010262F3041356E72378C3F3000282F0A1
:10BE3000010262F300034EE76378C3F3C00282F0AD
:10BE4000010262F3C3034BE70120E2E7403900201F
:10BE5000F8B5174B1749C2081F5C174B8D5C174983
:10BE60009B5C00F007008E5C0341054113F0010468
:10BE700046FA00F005F0010500F0010602D0E120CD
:10BE8000F6F7C8FE15B1E620F6F7C4FE3846FAF715
:10BE900096FB15B1E620F6F71DFF14B1E120F6F789
:10BEA00019FF26B1BDE8F8402C20FAF788BBF8BD91
:10BEB0007412010854120108F412010864120108F6
:10BEC0002DE9F04104460E464FF00A08214F207834
:10BED00000283DD0012838D16378012B0ED1A078FD
:10BEE000A51CFAF76CFB2C4635460134002DEED02C
:10BEF0006420013D01F0C7FCEDB2F7E7022B04D14D
:10BF0000A078A51CF6F786FEEDE7032B04D1A078F8
:10BF1000A51CF6F7DFFEE6E7042B01D00134E3E7CA
:10BF20002246002512F8023FD95D1446490706D47F
:10BF3000002DD9D0642001F0A6FC013DF8E7303B8C
:10BF400008FB053512F8013FEEE7FFF781FFCBE76D
:10BF5000BDE8F081CD0601080021FFF7B1BF072041
:10BF600070471C23520003FB0122702101FB0020BB
:10BF700000F5FD707047062838B510D803290ED893
:10BF80000D2A0CD8FFF7EDFF0546FCF7E3FC040291
:10BF9000681CFCF7DFFCA4B2204380B238BD00204F
:10BFA000FCE7062870B51C460FD803290DD80D2ACA
:10BFB0000BD8FFF7D6FF0546210AFCF733FDE1B2A7
:10BFC000681CBDE87040FCF72DBD70BD2DE9F8433D
:10BFD00000240025E7B216E0FAF71AF9A0425FFA4A
:10BFE00086F914DD4A4641463846FAF713F9034606
:10BFF0004A46414638460136FFF7D3FF0E2EEBD1B5
:10C000000135042D05D000265FFA85F8E4E7012309
:10C01000EEE70134072CDCD1BDE8F883F8B514460F
:10C02000002700F5FD755618B44200D1F8BDA5F5FE
:10C03000FD73B3F5447F06DA2846FCF78BFC2070CD
:10C0400001350134F0E72770FAE770B5144600F5C2
:10C05000FD755618B44200D170BDA5F5FD73B3F55A
:10C06000447F03DA28462178FCF7DCFC01340135F3
:10C07000F0E7062810B406D8032904D80D2A02D800
:10C0800010BCFFF778BF002010BC7047102070472D
:10C0900040F6F62070472DE9F041144640F6F527AA
:10C0A0004FF0000800F20A555618B44201D1BDE81D
:10C0B000F081A5F20A53BB4206DC2846FCF74AFC95
:10C0C000207001350134F0E784F80080F9E7F8B515
:10C0D000144640F6F52700F20A555618B44200D12E
:10C0E000F8BDA5F20A53BB4203DC28462178FCF7D1
:10C0F00099FC01340135F1E710B540F20A542046AD
:10C1000000210134FCF78EFCB4F5805FF7D110BD3F
:10C110000F28F7B5044654D840F6FF70FCF71AFC18
:10C1200000284ED140F20A5534BBCDE900442846E0
:10C13000FCF710FC6F1C8DF800008DF80140002802
:10C140003FD0012812D13846FCF704FCAE1C8DF814
:10C150000100B0B3431E022B19D83046FCF7FAFB9E
:10C16000EF1C8DF8020060B38DF803400A21684689
:10C17000FFF7A6FE3D46DAE7B5F5805F21D02846F9
:10C18000FCF7E8FB08B9013CE4B20135CCE7042830
:10C1900012D102273046FCF7DDFBFDB201360DF867
:10C1A000070070B17C2809D10135EDB205F1080313
:10C1B0000DEB030505F8084C3746D7E70137072F85
:10C1C000E8D103B0F0BD000047F61643984210B521
:10C1D0000C461BD1FBF782F8A2780D4B72B100F030
:10C1E000AA00002815BF01220022352029201A703C
:10C1F000FBF744F8FBF7CEF8002010BD1B78002BAE
:10C2000014BF35202920FBF741F8F3E70120F4E7BC
:10C21000ED270020F8B5144682781D469DF8187069
:10C22000284B92B11C7000F0D5FB274B188004F10D
:10C230002003DBB2072B44D8012004F00704A04000
:10C24000C0B2BDE8F840F6F793BD1E78A6422ED1E5
:10C250001D4B188800F0C3FBC72828D8AE4205F153
:10C26000200415D006F12003DBB2072B06D80120ED
:10C2700006F00706B040C0B2F6F7A6FDE3B2072B02
:10C2800006D8012005F007039840C0B2F6F770FD0C
:10C290003846E4B2FAF793F9072C12D8012005F0DA
:10C2A0000705A840C0B2BDE8F840F6F78DBD04F11F
:10C2B0002003DBB2072B04D8012004F00704A040C0
:10C2C000F0E7F8BDEE270020F02700200346A3F595
:10C2D000F843183B07B50846062B3BD8DFE803F0C8
:10C2E000171E0410252C330026230093E12347F664
:10C2F0001A411A46FFF78EFF002003B05DF804FBD9
:10C3000027230093E52347F61B411A46F2E726232D
:10C31000E022009347F61841E123EBE72723E422CC
:10C32000009347F61941E523E4E72623E222009330
:10C3300047F61C41E123DDE72723E622009347F679
:10C340001D41E523D6E72823E522009347F61E4149
:10C350000123CFE7887818B10022024B1A70CCE78E
:10C360000120CAE7EE27002047F67743984270B5D0
:10C3700006D047F67843984229D00124204670BD64
:10C380008C7894B100F02CF8FAF7F0FB00F028F864
:10C39000044600F02BF8054600F02EF82946024628
:10C3A0002046FAF7E5FC0024E8E700F019F8FAF770
:10C3B000E9FB00F015F8054600F018F8064600F015
:10C3C0001BF8314602462846FAF7D2FCD6E78C78AD
:10C3D00014B100F00BF8D7E700F008F8E7E7000029
:10C3E000014B1878704700BF690F0020014B187887
:10C3F000704700BF6A0F0020014B1878704700BFDC
:10C40000680F00200E4B10B51A78BAB901220D4CF6
:10C410001A70206040F282324FF480610A4802F0C4
:10C42000E0FB4FF40061084840F2823202F0D9FB91
:10C430002146BDE81040054801F0A6BE10BD00BF72
:10C44000F22700206C0F002000080040A83A0020CE
:10C450004FF0FF3108B5024801F077FDC0B208BDCA
:10C46000B43A00200A464FF0FF330146014801F07C
:10C4700011BE00BFD83A00200A464FF0FF330146F4
:10C48000014801F088BD00BFB43A002008B5034858
:10C4900001F09FFE80F00100C0B208BDA83A002064
:10C4A000194B10B51C786CBB012208211A70174873
:10C4B000224602F096FB22462021144802F091FB0E
:10C4C00022461021114802F08CFB4FF47A7001F0E3
:10C4D000DAF941F6822208210C4802F082FB40F290
:10C4E00082222021094802F07CFB40F282221021A6
:10C4F000064802F076FB064801F094FE4FF0FF324A
:10C50000044B1A6010BD00BFF32700200004004058
:10C51000043C0020740F002010B5194C0146184649
:10C52000236801332AD14B1C28D0F8B1154B800069
:10C530001882032A05D8DFE802F0021A1D1F002224
:10C54000DA602160012421F00F0001F00F019960F1
:10C55000224604FA01F1586002F043FB09490A48F7
:10C5600001F052FE084801F06BFE204610BD4FF46A
:10C570008002E5E78022E3E7044AE1E70020F5E7EF
:10C58000740F0020F4270020043C002080004000AD
:10C590001FB501218DF807000DF10F0304480DF1BF
:10C5A000070201F074FE9DF80F0005B05DF804FB72
:10C5B000043C0020002307B5012106480DF10702C5
:10C5C0008DF8073001F085FE9DF8070003B05DF897
:10C5D00004FB00BF043C002008B50246024801F0FD
:10C5E00067FE002008BD00BF043C002008B50246DD
:10C5F000024801F06EFE002008BD00BF043C002090
:10C6000010B5074C2368013308D0064801F026FE18
:10C61000044801F007FE4FF0FF33236010BD00BF58
:10C62000740F0020043C0020014B1860704700BFCD
:10C6300008280020024B186808B1036818477047A3
:10C640000828002008B5FFF7F5FF08BD084B1B6858
:10C650006BB1084A127842B1074A92F90020002AC9
:10C66000BFBF02784270062202705B6818477047AD
:10C6700008280020A810002040390020034A126832
:10C680001AB10221017093681847704708280020EA
:10C690000B4B07B51A8882420ED01880094B1B68D5
:10C6A00053B103228DF80500000A8DF80600DB68FF
:10C6B0008DF8042001A8984703B05DF804FB00BF83
:10C6C0000E280020082800200B4B07B51A8882424C
:10C6D0000FD01880094B1B685BB104228DF8050050
:10C6E000000A8DF80600DB688DF804200DEB0200CF
:10C6F000984703B05DF804FB0C28002008280020B0
:10C700000C4B821C1B7863B10B4B93F90030002B50
:10C71000ACBF06231E230020013BDBB2FF2B02D15E
:10C7200070470623F7E712F8011B0029F4D0013007
:10C73000C0B2F1E7A810002040390020F9B1124B37
:10C740001B78A3B1114B93F90030002B0FDAEF29BE
:10C750004FEAD10213D80123104401F0070103FA74
:10C7600001F18378194214BF012000207047831C17
:10C77000083013F8012B8A4203D08342F9D10020FC
:10C7800070470120704700BFA810002040390020EA
:10C790004FF0FF32002330B5841C14F8015B8D424A
:10C7A0000ED0B2F1FF3F02D1002D08BF1A4601336F
:10C7B000DDB2062D5BB2F0D1531C01D01044817064
:10C7C00030BD002210B5831C083013F8014B8C4299
:10C7D00008BF03F8012C8342F7D110BDEF294FEABF
:10C7E000D10308D81844012301F0070103FA01F12D
:10C7F0008378194381707047EF294FEAD10308D835
:10C800001844012301F007018B40817821EA0301DC
:10C810008170704710B4094C034624780A463CB135
:10C82000074C94F90040002C02DA10BCFFF7D6BF89
:10C830001146184610BCFFF7ABBF00BFA810002080
:10C840004039002010B4094C034624780A463CB114
:10C85000074C94F90040002C02DA10BCFFF7CCBF63
:10C860001146184610BCFFF7ACBF00BFA81000204F
:10C8700040390020074B02301B7843B1064B93F937
:10C880000030002B03DA1E220021F3F7F5BE06224A
:10C89000FAE700BFA810002040390020062208B5A2
:10C8A000F3F740FE003818BF012008BD70470000B4
:10C8B000002814BF0220012008B5024B1870F7F7BA
:10C8C0008FFE08BD10280020032008B5024B187009
:10C8D000F7F786FE08BD00BF10280020FFF7E8BF6D
:10C8E000012008B5024B1870F7F77AFE08BD00BFAB
:10C8F00010280020FFF7F4BF704708B501F0DAF800
:10C90000BDE8084000F0D0BD08B5FAF7FDFCFAF725
:10C9100011FDFAF7C3FCFBF737FF0020FFF7B8FE65
:10C920000020FFF7D1FEBDE80840F9F7B4BD0000D4
:10C93000302383F31188064BDA69064B1A60002313
:10C94000054A1360054A136083F31188704700BFDE
:10C95000483A00201C280020142800201828002015
:10C96000FFF7E6BF302370B583F31188124B1348ED
:10C970001349DC6903680A68E41AA242114A0AD919
:10C98000A3F58333E03B036010680F4B04F5833459
:10C990000344E03413600C601668002181F31188B1
:10C9A0004FF47A7509480023E4FB0501084AF3F7C0
:10C9B0001DFC304470BD00BF483A00201C280020F8
:10C9C000142800201828002088598F029F86010013
:10C9D000A086010008B5FFF7C5FF80B208BD10B5FD
:10C9E0000446FFF7BFFF001B80B210BD10B5044620
:10C9F000FFF7B8FF001B10BDBFF34F8F0549064B73
:10CA0000CA6802F4E0621343CB60BFF34F8F00BFEC
:10CA1000FDE700BF00ED00E00400FA0508B5024A9A
:10CA2000024B1A60FFF7E8FFEFBEADDEFC6F00209F
:10CA30000A4A08B552F8041C094B99420CD100234C
:10CA400042F8043C83F31488064B1A6882F3088882
:10CA500062B65B689847FEE708BD00BF0070002023
:10CA6000EFBEADDE00E0FF1F08B5FFF7C5FF704762
:10CA700008B5302383F31188034800F02DFC002310
:10CA800083F3118808BD00BF2810002070B50A4C40
:10CA90000E46154619460022234643F8042FB0F8E7
:10CAA0004A2045EA062000F0DDFA20606068002890
:10CAB00018BF204670BD00BF4029002090F84A10E2
:10CAC000074A0229137807D1012B01D0062B05D183
:10CAD0005278044B1A707047024A1370704700BFB7
:10CAE000A02900207829002070B5044606480D468C
:10CAF00003680BB100F028FD2B462146BDE87040CD
:10CB0000024A014800F018BD6029002011CB00083E
:10CB100038B50C46302383F311880B78042B03D0EF
:10CB2000002383F3118838BD124B1B78DB09F7D142
:10CB3000114D2B78002BF3D0104B1B78002BEFD02E
:10CB40000B899B0705D40823012120460C4A01F0DC
:10CB500071FC28780B4B4FF47A72A0FB0303002181
:10CB6000002300F2E730F3F741FB21468000FFF796
:10CB7000BBFFD5E7403900205C290020A810002029
:10CB800079290020A086010038B590F84430044689
:10CB900003F07F02212A79D113F0800F90F845002D
:10CBA00030D0022829D003281ED001286ED194F855
:10CBB00048305BB1022B94F846200DD0464B1A70DA
:10CBC000A36394F84A30E36300232BE0434AA26353
:10CBD0000822E263236438BD022AEFD1404BA363ED
:10CBE0000623E3630023F5E7B4F84830002B4DD16A
:10CBF00001203C4AE063A263ECE701203A4BE0638A
:10CC0000A363EFE70A2838D00B280ED009283DD1BE
:10CC100094F8483013F0FD0F38D1344BA36302234E
:10CC2000E363334B01202364D5E7B4F8483003BBFA
:10CC300094F846502B4B002D14BF012200221A708D
:10CC400017D1294B1A78A2B1302282F311881878B3
:10CC5000284B4FF47A72A0FB03030021002300F25B
:10CC6000E730F3F7C3FA21468000FFF73DFF85F375
:10CC700011880023A363E363D4E71F4994F8472096
:10CC80000978194BCD091A70F3D1DCE740F28163C2
:10CC9000B4F844209A4214D194F84920616894F879
:10CCA00048304D6843EA0223204694F8462094F821
:10CCB0004710A84708B900208DE74368A3630368BD
:10CCC00081E70E4B93F89230002BF4D02046BDE85C
:10CCD000384000F0E1BA00BFB829002079290020CF
:10CCE0009A290020A81000205C290020A0290020FB
:10CCF000BDCA0008A086010040390020780F00203E
:10CD000010B5064A064C117824784B1C03F00F032B
:10CD10009C421EBF034C1370605410BD2F3A00207C
:10CD2000303A00201F3A002038B50446084605294D
:10CD30003DD8DFE801F0313C0331313D302383F34E
:10CD40001188214D01212046204A01F021FB0321B9
:10CD500020461F4A01F01CFB95F89010204605F173
:10CD6000440201F015FB95F8921021B1204605F11F
:10CD7000680201F00DFB174800F077FA002383F3F7
:10CD80001188154B1B7813B10520FFF7B9FF02205E
:10CD9000BDE83840FFF7B4BFFFF7B2FF302383F39D
:10CDA00011880C4800F03EFA002383F3118838BD47
:10CDB000302383F31188074800F04CFA002383F3F3
:10CDC00011880520E4E700BF780F00200413010854
:10CDD000281301082810002099290020102208B5E6
:10CDE00000210448F3F748FC0023034A1370034A68
:10CDF000137008BD1F3A00202F3A0020303A00205F
:10CE000070B5284D284C002128782378274E984269
:10CE100030D101B1207070BD01222370244B1A70F3
:10CE2000244B93F84F10081E18BF0120FFF74CFD4C
:10CE3000E9E7002223701E4B1A70FFF765FD1D4BBA
:10CE400093F84F10081E18BF0120FFF747FDDAE7DF
:10CE50002370184B93F84F10081E18BF0120FFF7DE
:10CE600027FDD0E7002123700846F8E72370FFF77D
:10CE700037FDC8E71A46B25C0133012103F00F0306
:10CE8000052AC4D80FF2040C5CF822F06DCE00081D
:10CE90000FCE000851CE000865CE000819CE00085C
:10CEA00033CE00082F3A0020303A00201F3A0020ED
:10CEB000992900206C3C002070B50546144C04F103
:10CEC0000802A26504F11C02E26504F13002E26787
:10CED00004F18C06B0343146204600F061F9314649
:10CEE000204600F087F9284601F05AFE284601F056
:10CEF00025FA41F2883000F0C6FC0649284601F0C8
:10CF00000AFA284601F02AFE0022034B1A6070BD7F
:10CF1000780F00204C13010860290020014B18787D
:10CF2000704700BF7829002013460A460146014891
:10CF300001F092BA6C3C002010B50D4B04461B78F2
:10CF400053B9014608220120FFF7EEFF20222146B7
:10CF50000848F3F71BFB10BD074B014693F900305F
:10CF6000002BABBF0822202201200320ECE700BFEA
:10CF7000A8100020792900204039002010B504466F
:10CF8000014606220320FFF7CFFF06222146024872
:10CF9000F3F7FCFA10BD00BF9A29002003220146D6
:10CFA0001046FFF7C1BF0000202903460A4610B40F
:10CFB00007D1054850F8B01F4C681946234610BCED
:10CFC000184710BC704700BF780F002070B50A4C9E
:10CFD00088B004F1B005D4F8B03020221E6A69464A
:10CFE00000232846B04720B1C1B26846FEF74CFD89
:10CFF000F1E708B070BD00BF780F0020FFF718BD43
:10D000007047704708B5FFF7F9FF01F025FCFFF7FF
:10D01000F7FF08BD08B501F03BFCFFF7F2FF08BDC4
:10D02000FFF768BC08B5FFF7D9FE0648FFF744FFD5
:10D03000054B064A41F288301A60BDE8084000F00E
:10D0400022BC00BF6C3C0020D8290020AC1000207E
:10D05000014B1868FFF7E8BAD8290020FFF7D0BEC7
:10D06000FFF7B4BF10B5040A032C0FD007D8012C6A
:10D0700023D0022C07D15B20114A1A6010BD212C4D
:10D080000DD0222C12D000200246F6E7C0B20228B2
:10D09000F9D80C4A0C4952F82020405CEDE70229EF
:10D0A000F1D80A4A092052F82120E6E70229EAD8F5
:10D0B000074A084852F82120EFE71220064ADCE729
:10D0C000871301085C130108681301086C13010839
:10D0D0007813010884130108E213010813B5446BA7
:10D0E000E36F1A681178042915D1217A022912D127
:10D0F0001979012312898B4013420CD101A904F143
:10D10000440000F0D4FD024628B1E06F019B017994
:10D11000006801F08FF902B010BD0C3000F061BD65
:10D120004FF4FA630C3000F05CBD443000F027BED1
:10D130004FF4FA63443000F022BE0C3000F034BDEE
:10D140004FF4FA610C3000F02FBD443000F0F7BD11
:10D150004FF4FA62443000F0F2BD10B5C36F0446DC
:10D160001A681178042916D1017A022913D1597944
:10D17000012352898B4013420DD10C3000F0CFFCBB
:10D18000024640B1E06FA36A4179043B0068BDE804
:10D19000104001F03DB910BD406BFFF7DEBF00004D
:10D1A0007FB5034601260D4604460F4A43F8042B7B
:10D1B00043600E4B067202900193CB680C300093D3
:10D1C0004B690A6A314600F088FC094B31460193ED
:10D1D000AB68EA69009302942B6904F1440000F003
:10D1E00043FD04B070BD00BF3C15010899D1000893
:10D1F000DDD0000830220B6882F311880A7903EB36
:10D20000820290614A79093243F822008A7912B188
:10D2100003EB820398610223C1670372002383F347
:10D220001188704738B5044601250221043000F00A
:10D23000DDFB04F10C006FF00101257500F063FBCC
:10D2400084F84C5004F144006FF00101BDE838400F
:10D2500000F059BB10B501210446043000F0C6FBB4
:10D260000023237584F84C3010BD38B504460025E2
:10D270000C3000F049FC04F14400257500F00BFD72
:10D28000201D84F84C50012100F0B0FB2046BDE881
:10D290003840FFF762BF000090F84420034602F0D8
:10D2A0006002202A14D190F845200020212A02D8BB
:10D2B0001F2A03D87047222A07D07047054A9A636D
:10D2C0000722DA631864012070479863D863F9E78E
:10D2D00000207047BC10002073B5C36F04461A6865
:10D2E0001178042927D1017A022924D1197901233F
:10D2F00015898B401D401ED100F14406304600F0D8
:10D3000083FDC0B1304601A900F0D1FCE36F0646B1
:10D310001A7E4AB101981A692946121A3044F3F765
:10D32000ABF9E36F1B690193E06F32460179019B12
:10D33000006801F07FF802B070BD00EB81032DE9B9
:10D34000F3419E6904460D46FEB1302383F31188F4
:10D350000821301D04EB850700F048FBFB6806F14F
:10D3600044085B691B6813B1404600F0ADFC4046C1
:10D3700001A900F09CFC024650B1019B29462046C1
:10D3800001F058F8002383F3118802B0BDE8F08162
:10D39000FB685A691268002AF4D01B8A013B1342C9
:10D3A000F0D1F36F1B7E002BECD104F14402E5E7D2
:10D3B000093110B550F82140C4B1302383F31188EE
:10D3C0000421601800F012FBE26F04F10C001368F6
:10D3D000527903EB8203DB689B69596800F0A9FB73
:10D3E0002046FFF7BAFE002383F3118810BD704773
:10D3F000024B034A1A60034A5A607047343A0020CD
:10D40000C03C002000700020094B30B51C684D1E48
:10D41000224449422A440A4059681044884204D8A8
:10D42000A04202D31860104630BD0022FBE700BFC7
:10D43000343A002008B5302383F31188FFF7E4FF66
:10D44000002383F3118808BD70477047FEE7000092
:10D4500070B50825134C606823680146A268043B38
:10D460008A4219D8D31C1B1AC11E23F003038A4217
:10D4700038BF00231844E368C11EDA1C121A22F0D8
:10D480000302994288BF00220021F3F7F5F8013D1D
:10D4900004F11004DFD170BD53F8046F41F8046B40
:10D4A000DEE700BF6415010838B501230025074CED
:10D4B00023706560FFF79CFF0549064800F034F9CA
:10D4C0000223237085F3118838BD00BF403A002045
:10D4D000E8150108483A002072B60322024BD865CD
:10D4E000024B1A70FEE700BF483A0020403A002085
:10D4F00000F03CB8034A516853685B1A9842FBD865
:10D50000704700BF001000E010B50A4C23699A680C
:10D5100091420CD85A6881600360426010609A683A
:10D520005860511A99604FF0FF33A36110BD1B681A
:10D53000891AECE7483A00200361002310B410BCBC
:10D54000C2604361FFF7E0BF036881689A680A44DC
:10D550009A60426813605A6000234FF0FF32036004
:10D56000014B9A61704700BF483A002070B5124DD8
:10D570002A46EB690133EB6152F8103F934206D023
:10D5800030269A68013A9A602C69A36803B170BD8D
:10D59000226861680A605160236083F31188204625
:10D5A000E3682169984786F3118861690029EBD007
:10D5B0002046FFF7A9FFE7E7483A002000238268EA
:10D5C000037503691B6899689142FBD25A6803602E
:10D5D00042601060586070470023826803750369D9
:10D5E0001B6899689142FBD85A68036042601060DA
:10D5F0005860704708B50846302383F311880A7DC8
:10D600000023052A06D8DFE802F00B050503120EF9
:10D61000826913604FF0FF338361FFF7CFFF002370
:10D6200083F3118808BD826993680133936042686F
:10D63000036813605A60EDE7FFF7C0BF054BD96878
:10D6400008751868026853601A6001220275D86074
:10D65000F2F7B6BD483A002030B50C4B0446DD6801
:10D660004B1C87B00FD02B466846094AFFF764FF72
:10D670002046FFF7E3FF009B13B16846FFF764FF06
:10D68000A86907B030BDFFF7D9FFF9E7483A002095
:10D69000F5D5000838B50C4D8161EB6881689A6852
:10D6A0000446914203D8BDE83840FFF787BF1846CB
:10D6B000FFF792FF0123014623752046EC60BDE889
:10D6C0003840F2F77DBD00BF483A0020044B1A688D
:10D6D000DB6890689B68984294BF002001207047E7
:10D6E000483A0020084B10B51C68D868226853607F
:10D6F0001A6001222275DC60FFF76EFF01462046AA
:10D70000BDE81040F2F75CBD483A0020044B1A68AF
:10D71000DB6892689B689A4201D9FFF7E3BF7047C4
:10D72000483A0020FEE7000070B5002504461A4B79
:10D7300086B05860856201630E4600F075F904F109
:10D740001003236163614FF0FF33A361134BE56165
:10D75000D9692B460A462046C4E9082304F134015E
:10D7600080230F4A24606460A560E562E56500F0EF
:10D770001DF801230B4AE060037500927268684649
:10D780000192B268CDE90223074BCDE9043500F0E0
:10D790003FF806B070BD00BF403A0020483A002074
:10D7A000F4150108F915010825D7000802228B603D
:10D7B0004B62002308618A8208460B62CB61704786
:10D7C0008368C168A3F14C0243F81C2C026943F83A
:10D7D0004C2C42690C4843F8482C0C4A43F8180C6E
:10D7E00043F82C2C022203F8142C002243F8201CAE
:10D7F00003F8132C43F8041C43F8082C43F80C2CB2
:10D80000A3F12800704700BF483A0020D10100086A
:10D8100008B5FFF7D5FFBDE80840FFF70DBF0000D2
:10D8200038B5302484F311882839441844F8243C4E
:10D83000049B002544F8203C0A4BA4F1240144F841
:10D84000043C0223A382084BE16020462946A260E3
:10D85000236162622562E561FFF71CFF85F3118891
:10D86000204638BDD1010008483A0020024BDB6851
:10D8700098610F20FFF7E2BE483A0020302383F37F
:10D880001188FFF7F3BF08B50146302383F31188F1
:10D890000820FFF7E1FE002383F3118808BD000094
:10D8A000054BDB6821B1036098610320FFF7D4BE0C
:10D8B0004FF0FF30704700BF483A00200346006831
:10D8C00020B100221A608161FFF7B6BE70470000E8
:10D8D000064BDB6839B1426818605A6013604360D8
:10D8E0000420FFF7B9BE4FF0FF307047483A0020E0
:10D8F00003460068834205D002681A605360816164
:10D90000FFF79ABE704738B504460D46206884423A
:10D9100000D138BD036823605C608561FFF78CFE31
:10D92000F4E7034610B51B68984203D09C688A68E8
:10D930009442F8D25A680B604A601160596010BD79
:10D9400000230060406083607047000038B5816844
:10D95000164B0446DD6891B92B6A8560C360286266
:10D9600038BD8B600B7D7BB1062B14D10B684A68E8
:10D97000886913605A60FFF7D4FF8B699968AB68B8
:10D980008A689A42EDD306E04A680B68084613603D
:10D990005A60FFF751FE20462946FFF7C2FFAC61EF
:10D9A0000620BDE83840FFF749BE00BF483A0020D6
:10D9B00008B5302383F31188FFF7C8FF002383F3F2
:10D9C000118808BDC3691943037DC1610A2B03D1C6
:10D9D0008369194205D170470B2B06D183698B43AC
:10D9E00003D100238361FFF727BE704770B5064659
:10D9F0000D460468B44200D170BDE3682B43E36078
:10DA000015B123691D4203D0A1686068FFF7DAFFF2
:10DA10002468EFE7EFF30983203383F309880023B9
:10DA200083F3118870470000302080F3118862B6BC
:10DA30000C4B0D4AD96821F4E0610904090C0A4332
:10DA4000DA60D3F8FC20094942F08072C3F8FC2068
:10DA50000A6842F001020A602022DA7783F8220085
:10DA6000704700BF00ED00E00003FA05001000E081
:10DA7000302310B583F311880B4B5B6813F40063FC
:10DA80000FD0EFF309844FF08073203CE36184F3FF
:10DA90000988FFF71BFE10B1044BA36110BD044BB6
:10DAA000FBE783F31188F9E700ED00E0E3010008EC
:10DAB000E601000808B500F099FF01F091F800F0C8
:10DAC00041FB00F095FB00F018FCFFF7A3FABDE85E
:10DAD000084000F000B801F0A3B80172002130B591
:10DAE000039C043304FB0325C361049B00600363B0
:10DAF000059B4060C16042610261856104624262CF
:10DB00008162C162436330BD0022416AC2604161EB
:10DB1000016182626FF00101C262FFF7F4BE036926
:10DB20004269934201D1C2680AB9181D70470020AA
:10DB3000704703691960C26800210132C260C2697E
:10DB4000134482690361934224BF436A0361FFF770
:10DB5000CFBE38B504460D46E3683BB1626900208C
:10DB6000131D1268A3621344E36207E0237A33B9FA
:10DB700029462046FFF7ACFE0028EDDA38BD6FF0ED
:10DB80000100FBE7C368C269013BC36043691344FA
:10DB900082694361934224BF436A436100238362E5
:10DBA000036B03B11847704770B53023044683F305
:10DBB0001188866A3EB9FFF7CCFF054618B186F397
:10DBC0001188284670BDA36AE26A13F8015B93428C
:10DBD000A36202D32046FFF7D5FF002383F3118809
:10DBE000EFE72DE9F84F04460E46904699464FF070
:10DBF000300A8AF311880025AB46A76A4FB9494617
:10DC00002046FFF7A6FF20B187F311882846BDE81C
:10DC1000F88FE76AA16A7A1AA8EB0507974228BF2E
:10DC20001746402F16D930464022F2F7AFFCA36AC0
:10DC300040364033A3624035A26AE36A9A4202D377
:10DC40002046FFF79FFF8BF311884545DED28AF30C
:10DC50001188D2E730463A46F2F798FCA36A3E4470
:10DC60003B44A3623D44E7E710B5029C04330172D4
:10DC7000C36103FB042100238362C362039B006032
:10DC80000363049B4060C46042610261816104627D
:10DC90004262436310BD026A6FF00101C260426AD2
:10DCA0004261026100228262C262FFF72CBE03461B
:10DCB00040691A69824201D1DB681BB950F8043B04
:10DCC0000B60704700207047C368C2690133C360AE
:10DCD00043690021134482694361934224BF436A2C
:10DCE0004361FFF705BE38B504460D46E3683BB116
:10DCF000236900201A1DA262E2691344E36207E06F
:10DD0000237A33B929462046FFF7E2FD0028EDDAF1
:10DD100038BD6FF00100FBE703691960C268013A82
:10DD2000C260C269134482690361934224BF436A9B
:10DD3000036100238362036B03B11847704770B51A
:10DD400030230D460446114683F31188866A2EB9A6
:10DD5000FFF7C9FF10B186F3118870BDA36A1D706B
:10DD6000A36AE26A01339342A36204D3E1692046C5
:10DD70000439FFF7D1FF002080F31188EDE72DE98A
:10DD8000F84F04460E46904699464FF0300A8AF303
:10DD900011880025AB46A76A4FB949462046FFF7D0
:10DDA000A2FF20B187F311882846BDE8F88FE76A03
:10DDB000A06A3A1AA8EB0507974228BF1746402FDA
:10DDC00018D931464022F2F7E1FBA36A40364033CE
:10DDD000A3624035A26AE36A9A4204D3E16920460D
:10DDE0000439FFF799FF8BF311884545DCD28AF39C
:10DDF0001188D0E731463A46F2F7C8FBA36A3E44A1
:10DE00003B44A3623D44E5E70269416903468A4217
:10DE100016D1C068A8B1986A98B10438801A10D099
:10DE20001060D96801200139D960D9690A4499691B
:10DE30001A618A4224BF5A6A1A6100229A627047A4
:10DE400000207047F8B5154682680B46AA428169E2
:10DE5000066938BF8568761AB54204460BD2184663
:10DE60002A46F2F793FBA3692B44A361A3682846D3
:10DE70005B1BA360F8BD0CD918463246F2F786FB4F
:10DE8000AF1B3A46E1683044F2F780FBE3683B445D
:10DE9000EBE718462A46F2F779FBE368E5E72DE958
:10DEA000F0410446154683682769934238BF856868
:10DEB00040690E463F1ABD420BD22A46F2F766FB76
:10DEC00063692B446361A36828465B1BA360BDE8BC
:10DED000F0810CD93A46A5EB0708F2F757FB42460A
:10DEE000E068F119F2F752FBE3684344EAE72A4697
:10DEF000F2F74CFBE368E5E710B50024C361029B31
:10DF0000C1608161416111440060406084600161D1
:10DF1000036210BD08B582694369934201D18268EA
:10DF200082B98268013282605A1C426119700369A9
:10DF3000426900219A4224BFC3684361FFF7D8FCBD
:10DF4000002008BD4FF0FF30FBE770B530230446DA
:10DF50000D4683F31188A668A6B1A368A269013BA8
:10DF6000A360531CA36115782269934224BFE36820
:10DF7000A361E3690BB120469847002383F311881E
:10DF8000284607E029462046FFF7A2FC0028E2DAEF
:10DF900086F3118870BD2DE9F74F04460E461746EB
:10DFA0009846D0F81C904FF0300A8AF311884FF051
:10DFB000000B154665B12A4631462046FFF742FF61
:10DFC000034660B941462046FFF782FC0028F1D0A5
:10DFD000002383F31188781B03B0BDE8F08FB9F1FB
:10DFE000000F03D001902046C847019B8BF3118896
:10DFF000ED1A1E448AF31188DCE7C361009BC160FF
:10E00000816141611144006040608260016103628E
:10E010007047F8B504460D461646302383F3118841
:10E02000A768A7B1A368013BA36063695A1C62613A
:10E030001D70236962699A4224BFE3686361E369E2
:10E040000BB120469847002080F3118807E0314645
:10E050002046FFF73DFC0028E2DA87F31188F8BD7F
:10E060008369426910B59A4201D182687AB982689F
:10E070000021013282605A1C82611C7803699A4235
:10E0800024BFC3688361FFF733FC204610BD4FF007
:10E09000FF30FBE72DE9F74F04460E46174698463A
:10E0A000D0F81C904FF0300A8AF311884FF0000B23
:10E0B000154665B12A4631462046FFF7F0FE034675
:10E0C00060B941462046FFF703FC0028F1D0002349
:10E0D00083F31188781B03B0BDE8F08FB9F1000F0E
:10E0E00003D001902046C847019B8BF31188ED1A9D
:10E0F0001E448AF31188DCE70C30FFF74CBF4FF069
:10E10000FF330C30FFF747BF3030FFF7C3BF4FF08E
:10E11000FF333030FFF7BEBF0C30FFF716BF4FF0B4
:10E12000FF310C30FFF711BF3030FFF772BF4FF0F7
:10E13000FF323030FFF76DBF012914BF6FF01300BD
:10E140000020704700F00CBE37B5154602460B465E
:10E150000C49044642F8041B4260012200F15401BC
:10E160000272009080220C30FFF7C6FE2B46802200
:10E17000009404F1D40104F13000FFF73EFF03B036
:10E1800030BD00BF0016010810B53023044683F3EC
:10E19000118800F0F7FD02230020237280F311881C
:10E1A00010BD38B5436904460D461BB90421084427
:10E1B000FFF71CFC294604F10C00FFF7ABFE00281A
:10E1C00006DA201D4FF40061BDE83840FFF70EBCB1
:10E1D00038BD302383F311880023406983F311880D
:10E1E000B0FA80F0400970474FF0FF31FFF758BB9D
:10E1F00000F09CBE0123037000230C3040F8083C63
:10E2000040F8043CFFF79CBB10B53023044683F371
:10E210001188416000F0A0FE02230020237080F3EB
:10E22000118810BD10B53023044683F3118800F027
:10E2300007FF002301226360227083F3118810BD61
:10E24000302383F31188436899685A684FF4803308
:10E250008B409361002383F311887047302383F34D
:10E260001188436899685A6801238B4093610023A1
:10E2700083F31188704710B5302484F31188032488
:10E28000047000F020FF002383F3118810BD38B51F
:10E290000446302585F31188032504F8085B00F057
:10E2A000FBFE2046FFF7A0FF002383F3118838BD53
:10E2B00010B53023044683F31188032304F8083B88
:10E2C00000F001FF2046FFF78FFF002383F3118842
:10E2D00010BD10B53023044683F31188032304F8DE
:10E2E000083B00F008FF2046FFF77EFF002383F382
:10E2F000118810BD0C30FFF75BBB01F01DB9012385
:10E3000003700023C36183620362C36243620363D9
:10E3100043608360704738B50446302383F3118827
:10E3200000254160C56005614561856101F00AF91C
:10E330000223237085F31188284638BD70B5302339
:10E34000044683F3118801F015F9254600260123C0
:10E35000666005F80C3B1C3455F8043B7BB15869EA
:10E3600020B16FF001010C30FFF7A8FA55F8043C1A
:10E37000986920B16FF001010C30FFF79FFAA542B8
:10E3800045F8046CE8D1FFF7C1F986F3118870BD38
:10E3900070B500EB8103054650690E461446DA60FD
:10E3A00018B114220021F2F767F9A06918B11422FC
:10E3B0000021F2F761F931462846BDE8704001F0CE
:10E3C000F7B8F8B504460027836800F1100503F09C
:10E3D0000113836000F11C0655F8043B7BB15869BA
:10E3E00020B16FF001010C30FFF768FA55F8043CDA
:10E3F000986920B16FF001010C30FFF75FFAB54268
:10E4000045F8047CE8D12046BDE8F84001F05CB94D
:10E41000F0B4012500EB8104E4684789A4698D40CC
:10E420003D43458123600023A2606360E360F0BC4C
:10E4300001F0BCB9F0B4012500EB8104E468078960
:10E4400064698D403D43058123600023A2606360C1
:10E45000E360F0BC01F0CAB970B504460D46302641
:10E4600086F311880678042E05D0002383F31188E3
:10E470006FF0010070BD04EB8504FFF7DBFFE3687C
:10E480004FF0FF3158690C30FFF70AFA002383F38D
:10E490001188EFE710B50378052B0FD1084CC82081
:10E4A000E37A43F00803E372637843F00403637094
:10E4B000FFF7E9F9637803F0FB03637010BD00BF59
:10E4C000004001402DE9F0410223002604464FF0B0
:10E4D00030080370C664866000F10C0500F11C076B
:10E4E00055F8043BABB188F3118855F8043C5869E2
:10E4F00020B16FF001010C30FFF7E0F955F8043C52
:10E50000986920B16FF001010C30FFF7D7F986F35D
:10E510001188BD4245F8046CE2D1204684F834608D
:10E5200001F0B4F863681B6823B12046BDE8F041F0
:10E5300000211847BDE8F081F8B50378044680F85B
:10E5400050300523037043681B680BB104219847C2
:10E5500000263027A66004F10C051C3455F8043B56
:10E56000ABB187F3118855F8043C586920B16FF0BE
:10E5700001010C30FFF7A2F955F8043C986920B16D
:10E580006FF001010C30FFF799F986F31188A5426D
:10E59000E4D1F8BD90F85020436802701B680BB1BD
:10E5A0000521184770470000F8B590F8343004464C
:10E5B0000E4613B1002380F834303146204604F172
:10E5C000440201F0D7F863689B68B3B994F844300B
:10E5D00013F0600538D00021204601F047F90021F2
:10E5E000204601F035F963681B6813B10621204607
:10E5F0009847062384F83430F8BD20469847002811
:10E60000E4D094F84B2094F84A3043EA0223E26BBA
:10E610009A4294F9442088BFE363002AE36B80F2B6
:10E620000481002B00F0F880092384F83430302373
:10E6300083F3118800212046E36BA26BFFF7FAFEFB
:10E64000002383F31188D7E794F8452003F07F0374
:10E6500043EA022340F20232934200F0CA8021D8FA
:10E66000B3F5807F4DD00DD8012B44D0022B00F0A4
:10E670009880002BAFD104F14C02A2630222E26326
:10E680002364BEE7B3F5817F00F0A080B3F5407F3F
:10E69000A1D194F84630012B9DD1B4F84C3043F011
:10E6A000020337E0B3F5006F52D01CD8B3F5A06F6A
:10E6B00036D0A3F5C063012B8DD894F8492061684A
:10E6C00094F848304F6843EA0223204694F84620E5
:10E6D00094F84710B84700283FF47DAF4368A36320
:10E6E0000368E3631AE0B3F5106F36D040F60242D8
:10E6F00093427FF470AF554BA3630223E36300237F
:10E70000BEE794F84630012B7FF465AFB4F84C3087
:10E7100023F00203A4F84C30A563E563256470E799
:10E72000B4F84430B3F5A06F0ED194F846302046CB
:10E7300084F84E3000F034FF63681B6813B1012188
:10E7400020469847032323700023A363E36397E7DE
:10E7500004F14F03A3630123C3E72378042B10D1F3
:10E76000302383F311882046FFF72BFE85F31188B1
:10E770000321636884F84F5021701B680BB1204659
:10E78000984794F84630002BDED084F84F300423AD
:10E79000237063681B68002BD6D00221204698475F
:10E7A000D2E794F8483020461D0603F00F010AD541
:10E7B00000F0C4FF012804D002287FF40CAF244BE2
:10E7C0009AE7244B98E700F09DFFF3E794F8463072
:10E7D000002B7FF400AF94F8483013F00F01B3D052
:10E7E0001A06204602D501F059F8ADE701F04AF8C3
:10E7F000AAE794F84630002B7FF4EDAE94F8483049
:10E8000013F00F01A0D01B06204602D501F02EF810
:10E810009AE701F01DF897E714233146204684F863
:10E820003430BDE8F84000F0B5BF63B1152384F87B
:10E830003430302383F3118800212046E36BA26B30
:10E84000FFF7E6FDFCE60B23E7E700BF2C16010807
:10E85000281601082A16010808B500F0C9F80B4B64
:10E860009A6C42F020029A649A6C9A6C42F04002D0
:10E870009A649A6C9A6C42F080029A649A6C9A6CD0
:10E8800042F480729A649B6C08BD00BF000C01408A
:10E890007047162303604FF0FF3070470020704729
:10E8A000184670470020704710B5002204460846FD
:10E8B0000121FEF7BFFD18B90C234FF0FF30236094
:10E8C00010BD08B51346002158221846F1F7D4FEB2
:10E8D0004FF400524260002008BD01207047000044
:10E8E00008B50248FEF7F8FDF1F704FE2E16010800
:10E8F00008B50248FEF7F0FDF1F7FCFD33160108FC
:10E900000120704770470122090100F1604303F5BF
:10E910006143C9B283F8001300F01F039A40430912
:10E920009B0003F1604303F56143C3F880211A6043
:10E930007047012200F01F039A4043099B0003F136
:10E94000604303F56143C3F88020C3F880210023AE
:10E9500000F1604000F5614080F800337047090124
:10E9600000F16040C9B200F56D40017670470000CB
:10E9700017498A68022A12D0032A26D0154B164955
:10E98000012A08BF0B46124A926902F07F02013247
:10E9900052080132B3FBF2F3104A13607047104A79
:10E9A0000B68526F49686FEA921201290CBF0A493D
:10E9B0000C4902F0030203324A4303F01F03013300
:10E9C0005B080133B2FBF3F3DDE7074BDBE700BF86
:10E9D000000C014000127A00006CDC02C410002020
:10E9E000000401400048E801001BB700FFF7C0BF6A
:10E9F00013B50C20032440F2BE71314B314A9C62A6
:10EA0000D862C2F8941000219962D9629C62D862DF
:10EA10008020C3F81C0CD3F81C0CC3F81C0C00910C
:10EA200001914FF40141C3F8481C4FF6FC71A3F566
:10EA3000744319630F2119600223136501234BF6F8
:10EA40008031D364936D03F001030193009B013384
:10EA50000093019B13B9009B8B42F3D1019B03B937
:10EA6000FEE7194B19490120C3F800140021A3F552
:10EA70008843996180211962196A196220215860BE
:10EA8000196019681960196801431960C02151673C
:10EA90009067D16F0329FCD102229A6001220021E4
:10EAA000DA60074A9162D1629A6C42F400429A6439
:10EAB0009A6CDA6C42F40062DA64DB6C02B010BD6E
:10EAC000000001400004014000500140120000031A
:10EAD000144B834225D1144B02201A6C134942F483
:10EAE00080721A641A6C42F002021A64D3F8882009
:10EAF00042F00202C3F88820D3F8882022F00202F4
:10EB0000C3F8882001225A63DA670864DA660822AB
:10EB10005A615A6942F004025A615A6942F001028C
:10EB20005A6170476C3C0020000C0140004C0140D1
:10EB3000084B83420CD1084B5A6902F008025A6113
:10EB400000225A61DA66DA671A6C22F002021A644D
:10EB5000704700BF6C3C0020000C01400F4A936CD2
:10EB600043F4004343F0200393644FF080436FF479
:10EB7000C0521A634FF07072DA624FF020721A605E
:10EB800000225A609A60DA604FF44C325A620122D5
:10EB900003F5A0335A700722DA727047000C014067
:10EBA0000E4A6FF48051936C43F4004343F020030A
:10EBB00093644FF080436FF4C0521A6300221A60CE
:10EBC0009A60DA6019634FF0807119604FF48051D8
:10EBD00059605A624FF080529A617047000C0140B0
:10EBE0007047C9434FF05533016302F003015943A5
:10EBF000016042F380014160C2F3C1015943816069
:10EC0000C2F341115943C160C2F3C1214B43C362F6
:10EC10004FF01133C2F3C3125A430262426270478B
:10EC20004FF0E02340F2CF225A6100229A6107227E
:10EC300008210B201A61FFF792BE08B5302383F339
:10EC40001188FEF755FC002383F3118808BD08B531
:10EC5000FFF7F3FFBDE80840FEF70ABF024A53681A
:10EC600043F0020353607047008400402DE9F041F7
:10EC7000384ED6F854516B69D806DCB20AD5302329
:10EC800083F311884FF48061301DFEF7AFFE00233F
:10EC900083F31188302383F311882F4FA7F10408E1
:10ECA00014F00F0332D183F311886B68980714D5E1
:10ECB000A10612D5302383F311882848FFF7D0F935
:10ECC000002844DA08212448FEF790FE6B6823F000
:10ECD00002036B60002383F311886B689A0711D5D8
:10ECE00063060FD5302383F31188726CB36C9A429C
:10ECF00005D1B36B1BB110211748FEF777FE002337
:10ED000083F31188BDE8F041FEF7B2BE14F0020FA4
:10ED100014BF4FF480710021620748BF41F0200109
:10ED2000230748BF41F0400114F00104384618BFE2
:10ED300041F08001FEF75AFE2B682CB196F858116D
:10ED400040461940FFF72DFA6C69E4B2A8E7286045
:10ED5000C0E700BFA83A0020AC3A0020D83A002013
:10ED600010B5054C00212046044AFFF7EDF9044B8D
:10ED7000C4F8543110BD00BFA83A00205DEC000873
:10ED80000084004038B5294C037A002918BF0C468E
:10ED9000012B05461AD1264B984217D1254B082145
:10EDA000DA6C202042F00802DA64DA6CD3F894209E
:10EDB00042F00802C3F89420D3F8942022F008020D
:10EDC000C3F89420D3F89430FFF79DFDD5F8543163
:10EDD000E1791A6902F050020A431A612168164A61
:10EDE00002EB5102B2FBF1F202F00F01C3F8C010C6
:10EDF0008021D960C2F3071119600021C2F30732E4
:10EE00005A60D960607922790243A0790243DA60BE
:10EE10000122C3F89C10C3F898205A6842F00502FA
:10EE20005A60FF2385F8583138BD00BF38160108F5
:10EE3000A83A0020000C014000A24A0470B5044624
:10EE4000C5692E6BC26A6B6A9A4234BFC36A6B6A29
:10EE5000013B35D2E36A002B3ED1EB6263681B684D
:10EE600033B104222046227098472378042B01D125
:10EE700002232370302383F31188002104F108005A
:10EE8000FEF71CFD002383F31188F30717D5286ACA
:10EE9000228E666AE36A616AD31A3344121A934275
:10EEA00028BF134699424FF6FF7138BF636A013B92
:10EEB0001BD2636A1BB9EB6A23F00103EB6270BDDE
:10EEC000296EE26A013AE262A26A002AC0D0117099
:10EED000A26A0132A262BBE7E26AEB699A429EBF74
:10EEE000E36A03F1FF33EB61CFE7626A013A6262E2
:10EEF000226A0AB92966DAE712F8010B286622624B
:10EF0000D5E7000008B50348FFF798FFBDE80840C3
:10EF1000FEF7AEBD043C002008B50348FFF78EFFA6
:10EF2000BDE80840FEF7A4BD383C002010B5064CF3
:10EF30002046FFF75FF9054BE361054C2046FFF7DC
:10EF400059F9044BE36110BD043C0020003000403F
:10EF5000383C00200090004010B503780446012B97
:10EF600045D1344B98421FD1334B0A219A6C1A2059
:10EF700042F480529A649A6CD3F8902042F4805202
:10EF8000C3F89020D3F8902022F48052C3F8902048
:10EF9000D3F89030FFF7B7FC6268E369128A5A61D0
:10EFA0001A6942F001021A61244B9C421FD1224B84
:10EFB0000921DA6C1B2042F01002DA64DA6CD3F813
:10EFC000942042F01002C3F89420D3F8942022F049
:10EFD0001002C3F89420D3F89430FFF794FC6268D1
:10EFE000E369128A5A611A6942F001021A61616882
:10EFF000E269CB8989890B4343F007039BB2136015
:10F00000238E4BB901239361916999420DD101334C
:10F01000B3F5807FF7D1238600239361D361D36A50
:10F0200023F0FF03D362936C10BD012B08BF0023B4
:10F03000F1E700BF043C0020000C0140383C0020F8
:10F0400010B503780446022B1FD10022C3699A60D1
:10F05000DA6A22F0FF02DA629B6C0C4B984208D10C
:10F060001A20FFF766FC0A4B9A6C22F480529A64CD
:10F070009B6C084B9C4208D11B20FFF75AFC044BA9
:10F08000DA6C22F01002DA64DB6C10BD043C002064
:10F09000000C0140383C002010B50C4691B1836251
:10F0A000038E4162C1625908A14228BF2146C3694B
:10F0B000026299610139D961DA6A42F01102DA62B9
:10F0C00001229A6010BD10B50C4699B100238362ED
:10F0D000038E4162C1625908A14228BF2146C3691B
:10F0E000026299610139D961DA6A42F01102DA6289
:10F0F00001229A6010BD10B50C4699B1002303623D
:10F10000038E4162C1625908A14228BF2146C369EA
:10F11000826299610139D961DA6A42F01102DA62D8
:10F1200001229A6010BD000010B590F834300446FA
:10F13000B3B1063BDAB20F2A11D80F2B0FD8DFE894
:10F1400003F00F0E0E080F0F0E0E0E0E0E0E0E0E0B
:10F150000F0F036C03B19847002384F8343010BDBF
:10F1600000216022064B99735A7499735A7463682C
:10F170001B6813B10621204698470623EDE700BF20
:10F180000040014090F8342010B5152A04460CD8F0
:10F19000012393400C4A134208D19B0205D5036C0E
:10F1A00003B19847002384F8343010BD0021602259
:10F1B000064B99735A7499735A7443681B680BB160
:10F1C000062198470623EEE7410E1000004001405B
:10F1D0000146F8B5284C861C04EB86035F68274877
:10F1E000BB698173027DD20739D5254A9D68817339
:10F1F00090F817E002EB810C827D42EA0E22A818FB
:10F2000085422DD198681044986058681044586021
:10F210001868801A1860188A013880B218827B8AB0
:10F22000934200D808BB012303FA01F2638923EA61
:10F230000203638104EB86035B68DB680BB10E4855
:10F240009847302383F3118804EB86046368986938
:10F2500041680C30FEF732FB002383F31188F8BDC0
:10F260009CF800E005F801EBCAE7044A137D03F0BF
:10F27000FE031375F3E700BF6C3C00200040014023
:10F2800020400140F8B5214C871C04EB87035E68E1
:10F290000146726950681568A84219D3012303FA20
:10F2A00001F2238923EA02032381B3680BB12046CC
:10F2B0009847302383F3118804EB870463680021A7
:10F2C00058690C30FEF7FAFA002383F3118817E02F
:10F2D0000F4B9973136918445060281ADED0348A92
:10F2E000844228BF0446906814610344094893602F
:10F2F00000EB81001C44A34203D10122044B5A7449
:10F30000F8BD13F8012B0270F5E700BF6C3C00203C
:10F3100000400140204001402DE9F041844B9B79A1
:10F320009C07DFB202D58348FFF734F9780702D58E
:10F330008048FFF7C7F8390713D57E4C6368DB6850
:10F3400023B97B4AD37A03F0F703D3722378052BD2
:10F3500002D17848FFF71EF96368DB680BB1754886
:10F360009847734B9A781D7902F0FF06EDB252B9B7
:10F37000002D3AD1FB0702D56E48FFF7DDF8BDE856
:10F38000F041FEF775BBF20720D50022694CE0681A
:10F390009A7393F811C01CF0040F5FFA8CF11CBF34
:10F3A0005A7484F83420CB0605D58022604B5A74F9
:10F3B000002384F8343094F834300BB1062B24D178
:10F3C000CC0703D5436800215A489847B20702D5B5
:10F3D0000120FFF757FF730702D50220FFF752FF06
:10F3E000340702D50320FFF74DFFA80702D50120FF
:10F3F000FFF7EEFE690702D50220FFF7E9FE2A07B4
:10F40000B8D50320FFF7E4FEB4E7092B4CD1DFF8B1
:10F4100020C19CF81130DAB213F00203D6D102F009
:10F420001102112AD2D042698CF80E30516813694A
:10F43000D2F800E019445160BEEB0101B0F8108031
:10F4400016D0414528BF414694681161234493601A
:10F450005A18934207D1038A99422CBF02210A21EC
:10F460008CF81110B2E713F8014B8CF82040F0E74C
:10F47000434504D10A238CF811301161A6E7238992
:10F4800023F00103238183680BB12A489847302376
:10F4900083F311880021E36858690C30FEF70EFAF7
:10F4A000002383F3118891E7152B8FD1DFF880E0DB
:10F4B0009EF81130D90789D500228369D3F808C096
:10F4C0008EF80E209EF81620D1B26244944527D1C2
:10F4D0009A680A449A605A680A445A601A68521A2A
:10F4E0001A601A8A013A92B21A82438A8B424FF00A
:10F4F00000010F4B997300D8BAB948225A74638936
:10F5000023F001036381E368DB6813B1002109483C
:10F510009847302383F31188E36898694168BCE712
:10F520009EF820800CF8018BD0E740225A744DE7FA
:10F53000004001406C3C00200148FEF7E0BE00BFE7
:10F540006C3C002010B50478012C0ED1074AC26033
:10F55000FFF7BEFA0022064B0D21DA72DC715A72F7
:10F560000E20BDE81040FFF7CEB910BD40160108CF
:10F570000040014010B503780446012B0CD00E204A
:10F58000FFF7D7F90022054B2046DA72DA715A727A
:10F59000BDE81040FFF7CCBA10BD00BF00400140ED
:10F5A00090F84E20014B1A70704700BF0040014098
:10F5B00000EB8100344BC26801F00F0110B5997364
:10F5C000106800F00300002956D002282CD0032830
:10F5D0002AD0012827D153690BB993691BB3E020C6
:10F5E000294B9874108AC0F3C700187440205874CF
:10F5F0000820587458740120DC7900FA01F149B2EE
:10F6000041EA0400C0B2D871C0205875528AC2F3D2
:10F61000C702DA7480221A7510221A751A755A7A7E
:10F620001143C9B2597210BD506980B1002098745D
:10F63000108AC0F3C700187440205874082058740A
:10F6400058740120DC7988402043C0B2D871936996
:10F65000002BE8D000200C4B5875528AC2F3C70229
:10F66000DA7480221A7510221A751A750122587AD6
:10F6700002FA01F10143D4E70028D4D1DA7942F04B
:10F680000102DA71CFE700BF00400140002208B557
:10F690000B4BDA715A724268D2681AB1DA7A42F0C8
:10F6A0000802DA72074B0021C360FFF781FF0122D5
:10F6B000034B5A70DA7A42F00102DA7208BD00BFD9
:10F6C000004001404016010870B50D4B0021DA7969
:10F6D000402602F00102DA71082401228025102060
:10F6E00059729A730132D2B2042A99745E745C74AE
:10F6F0005C7459751D7518751875F2D170BD00BF11
:10F70000004001400C4B01F00F029A7341B95A7C42
:10F7100052070ED4D87910F0010018BF02207047AC
:10F72000187D10F0200004D15B7A134113F0010F13
:10F73000F3E70120704700BF004001400C4B01F08F
:10F740000F029A7341B95A7C52070ED4D87910F03F
:10F75000010018BF02207047587C10F0100004D13F
:10F76000DB79134113F0010FF3E70120704700BF6D
:10F770000040014001F00F03054901EB830102F154
:10F780000803087802F8010B9342FAD1704700BFD2
:10F79000204001404822044B01F00F0199735A7434
:10F7A000002380F8343070470040014010B501F06C
:10F7B0000F0400EB8101CB6899690A6872B1588A1D
:10F7C0001318013BB3FBF0F39BB20B82064B9C7307
:10F7D00034B11A7D02F0FE021A7510BD0123F4E760
:10F7E00040225A74F9E700BF0040014000EB81035A
:10F7F00011F00F0170B508BF4025DC6808BF124B3F
:10F80000626904BF99735D74238A15680F4CAB421B
:10F8100028BF2B461361926804EB8104D518AA42D5
:10F8200005D1094A917331B10123537470BD12F8A7
:10F83000016B2670F3E7517CC168098A8B422CBFAB
:10F8400002230A23F1E700BF0040014020400140AD
:10F85000054B01F00F01997311B120221A75704701
:10F8600060225A74704700BF00400140044B01F011
:10F870000F01997311B110225A7470476022FBE78F
:10F8800000400140044B01F00F01997311B1802237
:10F890001A7570475974704700400140044B01F0DD
:10F8A0000F01997311B140225A747047597470470F
:10F8B00000400140074BD3E902128A4208D0596840
:10F8C00001F59C70824201D1D96070470832DA603C
:10F8D000704700BF743300200023074930B51A4633
:10F8E0000C46834201D1E25430BD11F8015B013373
:10F8F0002A44D2B2F5E700BF402B00202DE9F8439F
:10F90000034616461A481B4C00F8013BF0F73EFE32
:10F91000D4E9018708F59C794F4506F10106E368B3
:10F9200004D1984506D10020BDE8F88307F108020C
:10F930009342F7E7104A216902F2CF735B1A312B29
:10F9400098BF2261322EEED82569324628460849F2
:10F95000F0F71CFE4F453D6035447D6018BF083709
:10F9600025610CBFC4F80880A7600120DCE700BF58
:10F97000FC34002074330020A42B0020082202490C
:10F980000120FFF7BBBF00BF802B00200E220249E1
:10F990000220FFF7B3BF00BF8D2B0020036804498E
:10F9A00005220B60037907200B71FFF7A7BF00BF8B
:10F9B000882B002070B50546264C003044F0010429
:10F9C00018BF0120A047686A234E003018BF0120ED
:10F9D000A0470120A047A86B003018BF0120A04716
:10F9E000E86B003018BF0120A04700244FF47A7262
:10F9F0001A491B48356000F0D1FD1A4B1A4A1B49C1
:10FA00005A601961C3E902221C703368C2E900110F
:10FA10005B6A4FF4E130984735680F22214605F1C3
:10FA20001400F0F729FE0123EB752B766423EB77A6
:10FA30000F4B0E221C700F4B21461C605C600E4861
:10FA4000F0F71AFE0D4B1C800D4B1C601C710D4B0A
:10FA50001C7070BDA0160108782B002034350020E2
:10FA60001C39002074330020BC330020A42B00205C
:10FA70007E2B0020802B00208D2B00207C2B002053
:10FA8000882B00202C39002000487047C41601083C
:10FA9000034BD8689B68C01A18BF0120704700BF8D
:10FAA000743300202DE9FF47AB4C06462068AB4F6E
:10FAB000003047F0010718BF0120B8472068A84D63
:10FAC000003018BF0120B8472368DFF8A882586BC0
:10FAD000003018BF0120B8472368986A003018BF6B
:10FAE0000120B84723685B6B9847002800F09C8092
:10FAF00023689B6A984795F83230012B4AD0002B37
:10FB000034D0022B4ED095F832305A1CE85498F875
:10FB10000030D2B2013BDBB285F8322088F80030E9
:10FB2000002BDFD119468E48013A91425FD3AA5C7F
:10FB30009A4240F05F8140F66153ADF80C300A23E1
:10FB40008DF80E3023680321DB6A03A89847002351
:10FB500085F832302B785C2B00F041814DD85A2B40
:10FB600073D05B2B79D07F4B03222FE061280BD819
:10FB7000602804D2A0F15A03DBB2032B06D801237C
:10FB8000287085F8323001E0AF28F8D0002388F8DB
:10FB90000030A7E70223602885F83230687018BF6C
:10FBA0000123F4E70A282B7812D10322612BA870D5
:10FBB00085F832200CD16B780D2BA4D1002321685D
:10FBC00085F8323088F800300B75664B1A702BE0E0
:10FBD000AF2B98D16B78602B95D195F83230E854E3
:10FBE0000133013085F8323088F800007AE710F8E8
:10FBF00001CB01316344DBB297E7602B00F0F38067
:10FC0000AF2B06D05D2BAED123686A7883F8212014
:10FC10000AE05548AD7800F0D5FCA84204D32A4646
:10FC20005249514800F0DBFC2068003018BF012029
:10FC3000B8474C4A13789046032B00F2F280DFE875
:10FC400013F03301DD001D012C016B7813F0F80F68
:10FC5000EAD1226882F82030E6E76A782368213A00
:10FC6000212AE1D801A151F822F000BFF5FC0008DB
:10FC7000FBFC000801FD000829FC000829FC000825
:10FC800029FC000829FC000829FC000829FC0008C0
:10FC900029FC000829FC000829FC000829FC0008B0
:10FCA00029FC000829FC000829FC00080BFD0008BD
:10FCB00025FD00083FFD000879FD00088FFD0008C4
:10FCC000A9FD0008BFFD000829FC000829FC000868
:10FCD00029FC000829FC000829FC000829FC000870
:10FCE00029FC000829FC000829FC000829FC000860
:10FCF000D9FD000801225A7596E70122DA8293E7BE
:10FD000000225A754FF48072F8E7194A1278002AD7
:10FD10008AD0964288D101221A83002283F82020BB
:10FD20001A7781E7124A1278002A3FF47DAF964293
:10FD30007FF47AAF4FF480721A830022F0E70C4A06
:10FD40001278002A3FF470AF96427FF46DAF002224
:10FD50001A8383F8202067E7782B0020A01601087B
:10FD60000D2B0020743300201C390020102B0020A4
:10FD70000C2B00209B2B00209B4A1278002A3FF47A
:10FD800053AF96427FF450AF01225A774CE7964A20
:10FD90001278002A3FF448AF96427FF445AF012223
:10FDA0009A7600225A76D4E78F4A1278002A3FF4D6
:10FDB0003BAF96427FF438AF0122DA76F1E78A4A08
:10FDC0001278002A3FF430AF96427FF42DAF012223
:10FDD0001A7700225A7627E700221A7524E723684B
:10FDE0006A78DA7720E72368687883F82200DB6B8B
:10FDF000984719E7002385F8323073E623687B4D76
:10FE00009B6B98472B68984223689B6B31D398472C
:10FE10002B68C01A764B1B78834202D2022388F8E3
:10FE200000301EB32368062E9B6B724D40F09C8100
:10FE300098472B68984223689B6BC0F08D81984748
:10FE40002B68181A18BF012080B16B4C2378D90792
:10FE500004D523F001032370FFF790FD23789A0760
:10FE600004D523F002032370FFF790FD04B0BDE832
:10FE7000F08798472B68DB431844CBE75F4A60491B
:10FE8000137809780133DBB29942137003D200234F
:10FE90001370FFF70FFD0023C1E7FFF70BFD0023F1
:10FEA000564A88F800301370D8E902239342B8D03C
:10FEB000D3E90015534B6D1A2A461846F0F766FB36
:10FEC0008146002DADD020686A1E003018BF012089
:10FED0000192B8470A21464B4948197032210170F6
:10FEE00099F800108246019A122923D8DFE811F010
:10FEF00013001A0048005D006A0075009000AF0012
:10FF0000C000CC00D100D6002001E100F5000001C6
:10FF100008011001180103223B4B5A63A6221A80E4
:10FF2000022019E02268127D32B1002211461046EB
:10FF3000FFF7E4FC032372E705221A700A23324913
:10FF4000A1224B630B46314803F8012B0268C1F82C
:10FF50000120426809205A60FFF7BEFC2368D86A76
:10FF6000003018BF0120B84727482368818EDB6A1C
:10FF7000984723689B6B98471C4B186001234EE7FA
:10FF800005221A701022204B5A63A22203F8012B7B
:10FF90001E4A02F10C0152F8040B8A4243F8040B8A
:10FFA000F9D112880F201A80D6E705221A70042290
:10FFB000154B03205A63A3221A70B9F80120A3F845
:10FFC0000120C9E705221A7003220F4B5A63A422AD
:10FFD0001A7099F801205A70A2E705221A700322BC
:10FFE000094B5A63A522F3E70C2B00203035002083
:10FFF000C8100020A02B00207E2B00209C2B00206E
:020000040801F1
:10000000C910002088330020402B002089330020B5
:100010000322624B02205A63A6221A7099F801202B
:100020005A70FFF759FC99F80130522B09D8512B1F
:1000300002D2303B052B91D8002E8FD0584B1E702A
:100040008CE7532B8AD101238AF8003086E70522FA
:100050001A700723514AA8215363134603F8011B62
:1000600050490868C2F801000A7906201A7173E73E
:100070004A48AB1C4363A9230370427049490230CC
:10008000F0F784FA681C67E74448AB1C4363AB2372
:10009000F2E74248AB1C4363AC23EDE73F486B1CDF
:1000A0004363AD233F4900F8013BF0F76FFA284660
:1000B00052E746F2AF13DFF8E49003353949C9F847
:1000C0003450A9F8003089F8022009F10300F0F754
:1000D0005DFAD9F8340001383EE7DFF8C090B1236B
:1000E00048460135C9F8345000F8013B2D49EEE788
:1000F000DFF8A8900135C9F834504846B223F3E739
:10010000DFF898900135C9F834504846B323EBE73F
:10011000DFF888900135C9F834504846B423E3E746
:10012000DFF878900135C9F834504846A723DBE75B
:1001300003231A4D6B6340F661532B800A23AB7087
:100140002368D86A003018BF0120B8472368A98EF9
:10015000DB6A28469847EDE698472B68C01A10F1ED
:10016000FF3018BF01206FE698472B68984223683C
:100170009B6B0ED398472B68C01A072894BF0020AA
:10018000012000283FF472AE23689B6B98472860DB
:100190005BE698472B68DB431844EEE7402B0020D2
:1001A0000C2B002089330020012000B50E4B89B0B4
:1001B000034398470D4800F0FAF91F2811D900238E
:1001C00020226946094800F03EFA2021074800F045
:1001D00064FA20216846F2F77BFE012009B05DF841
:1001E00004FB0020FAE700BFA01601081C3900201C
:1001F000F8B504461F464C4B4C4A186842F00102C1
:10020000003018BF01200D469DF818609047231F4D
:10021000A02B43D8464A022315B3D55CA5421AD079
:100220003DB9D454434A137843F001031370284670
:10023000F8BD0133082BF0D16EB1E30804F00701DB
:1002400001243D4A8C40D15C0C43D454394A137884
:1002500043F0020313700025E9E70133082B09D0AE
:10026000D15CA142F9D10021D154324A137843F034
:10027000010313703048E108435C04F0070443FABB
:1002800004F2D207E7D5012202FA04F4294A23EA4C
:1002900004034354137843F00203C7E7A4F1E002D8
:1002A00093B2072B16D86DB10FB1E32C05D0012303
:1002B0001F4993400A7813430B701E4A137843F08A
:1002C0000103C7E701231A4903FA02F20B7823EA74
:1002D0000203F1E7A4F1A50083B2022B12D8012298
:1002E0001649824091F9003052B245B113430122C0
:1002F0000420DBB20B701149FFF700FBABE723EAE8
:100300000203F4E7A4F1A8031A2B0AD825B1583444
:100310000B4BE4B233F814500A4902220D8003203B
:10032000EAE7012583E700BF782B0020A01601082B
:10033000802B00207E2B00208D2B00202C390020CC
:10034000641601087C2B002038B5184C0025237852
:10035000032B29D8DFE803F0020C16200A231448E7
:1003600043708570FFF71AFB08B10123237038BD75
:10037000F6230F4845708370FFF710FB0028F6D076
:100380000223F3E7F6230A4843708570FFF706FB64
:100390000028ECD00323E9E70A2305484570837061
:1003A000FFF7FCFA0028E2D02570E0E77F2B002061
:1003B000882B002007B501228DF807000DF10701F9
:1003C0000620FFF79BFA03B05DF804FB38B504463E
:1003D0000E4D0F4B286843F00103003018BF012079
:1003E0009847601EC0B204280ED80A4A2B68125CD7
:1003F00053F822402046F0F717FC2146BDE838406C
:1004000002460820FFF77ABA002038BD782B00207A
:10041000A01601089A16010838B50D460446084B87
:100420001868084B003018BF012043F001039847BB
:100430002A462146BDE838400920FFF75FBA00BFD1
:10044000782B0020A016010838B50D460446084B4D
:100450001868084B003018BF012043F0010398478B
:100460002A462146BDE838400A20FFF747BA00BFB8
:10047000782B0020A0160108002337B501930B4B01
:10048000044618680A4B003018BF012043F00103EE
:100490000D469847042244EA05440DEB02010B2067
:1004A0000194FFF72BFA03B030BD00BF782B00207A
:1004B000A016010808B1FFF771BA7047264B082053
:1004C0001A4610B513F8011B002936D0002313601B
:1004D0005360FFF753FA01200023204A12F8011B52
:1004E00081B30E2200211D48F0F7C6F8FFF74EFA3F
:1004F00001201B490A784B78134306D000230222BF
:100500000B800320FFF7FAF90120164A0023114659
:1005100012F8014BDCB1002312480B600B71FFF79E
:10052000C9FF012010490B7833B1002301220B7061
:100530000420FFF7E3F9012010BD013810F0FF009F
:10054000C0D1C9E70133DBB20E2BC7D1D1E70133EC
:10055000DBB2052BDCD1E5E7802B00208D2B0020C2
:100560007C2B0020882B00202C39002038B50D462C
:100570000446084B1868084B003018BF012043F0B0
:10058000010398472A462146BDE838400D20FFF771
:10059000B5B900BF782B0020A016010830B129B1F1
:1005A00022B10023C0E90012C0E90233704740B114
:1005B000D0E902239A4201D8981A7047406818443B
:1005C000801A704750B1D0E90232934297BF406819
:1005D00003F1FF30C01800F1FF30801A7047F8B502
:1005E0000F461446054660B3D0F800C0BCF1000FBA
:1005F00027D031B32AB3D0E9023083429CBF6A6866
:100600009B18013B1B1AA3421BD36E68361AA642E5
:1006100028BF264676B9A21BB9192868EFF7B6FF9E
:10062000E8686B680444B4FBF3F003FB104401205A
:10063000EC60F8BD32466044EFF7A8FFB442EFD952
:10064000E9E70020F5E7F8B50F461446064610B373
:10065000006808B3F9B1F2B1D6E90252954284BFFD
:1006600071685218521BE118914214D82B447568D6
:10067000ED1AA54228BF254625B1C1182A4638469D
:10068000EFF784FFAC4204D9621B31687819EFF7A9
:100690007DFF012000E00020F8BD10B588B189B1D0
:1006A000D0E902239A4284BF44681B199B1A8B42EB
:1006B00008D343681144B1FBF3F203FB12118160CC
:0806C000012010BD0020FCE741
:1006C80000FF5A0000202020202020202020282859
:1006D80028282820202020202020202020202020FA
:1006E800202020202088101010101010101010103A
:1006F800101010101004040404040404040404106A
:1007080010101010101041414141414101010101F7
:1007180001010101010101010101010101010101C1
:1007280010101010101042424242424202020202CD
:100738000202020202020202020202020202020291
:100748001010101020000000000000000000000041
:100758000000000000000000000000000000000091
:100768000000000000000000000000000000000081
:100778000000000000000000000000000000000071
:100788000000000000000000000000000000000061
:100798000000000000000000000000000000000051
:1007A8000000000000000000000000000000000041
:1007B8000000000000000000000000000000000031
:1007C8000000000000000000040C002000000000F1
:1007D8000000000000000000000000000000000011
:1007E8000000000000000000000000000000000001
:1007F80000000000000000000000000000000000F1
:1008080000000000000000000000000000000000E0
:1008180000000000000000000000000000000000D0
:100828000000000000000000000000004800610017
:100838006E0067007300680065006E0067000000C6
:10084800540069006400650020003400390000008D
:100858006D6F64756C65207665723A2025640D0AA3
:10086800000D0A6275696C6420646174653A20320F
:100878003032352D30352D31332D31363A35343A45
:10088800343300546964652034392D310054696467
:10089800652034392D3200546964652034392D338C
:1008A800005742204B422034005742204B4220350B
:1008B8000000E200E900EA00B500B600B700CD008C
:1008C8008301CC008A0192019401210223022402AF
:1008D8002502260227022A02B300B4006F00700026
:1008E8009F01CB019F02A0020000000060EA000007
:1008F80020BF0200E0930400C0270900804F1200C7
:1009080040771B00C0D401000008004001080040E7
:100918000208004003080040060000400A040040A6
:100928000B0400400C0400400D0400400E0400407D
:100938000A00004006080040070800400808004078
:100948000948032181620C21C162084890F810030C
:10095800074900F00F000A68824200D008600020B2
:10096800401C2328FCDB70470000014000F0FF1FFB
:10097800040401400748032181620C21C162064832
:10098800016801F00F01082901D90821016000BFA1
:1009980000BF70470000014004040140020000400D
:1009A80003000040040000400D080040302F2E2DA9
:1009B8002C2B2A2928270000000000000000000036
:1009C800000000000000000000000000000000001F
:1009D800000000000000000000000000000000000F
:1009E80000000000000000000000000000000000FF
:1009F80000000000000000000000000000000000EF
:100A080000000000000000000000000000000000DE
:100A180000000000000000000000000000000000CE
:100A280000000000000000000000000000000000BE
:100A380000000000000000000000000000000000AE
:100A4800000000000000000000000000000000009E
:100A5800000000000000000000000000000000008E
:100A6800000000000000000000000000000000007E
:100A7800000000000000000000000000000000006E
:100A8800000000000000000000000000000000005E
:100A9800000000000000000000000000000000004E
:100AA800000000000000000000000000000000003E
:100AB800000000000000000000000000000000002E
:100AC800000000000000000000000000000000001E
:100AD800000000000000000000000000000000000E
:100AE80000000000000000000000000000000000FE
:100AF80000000000000000000000000000000000EE
:100B080000000000000000000000000000000000DD
:100B180000000000000000000000000000000000CD
:100B280000000000000000000000000000000000BD
:100B380000000000000000000000000000000000AD
:100B4800000000000000000000000000000000009D
:100B5800000000000000000000000000000000008D
:100B6800000000000000000000000000000000007D
:100B7800000000000000000000000000000000006D
:100B88000000000000000000000000000000FF005E
:100B9800FF55FFAAFF2BFFBFFF6A010100FF55FFAA
:100BA800AAFF2BFFBFFF80FF04500D0F1018191A62
:100BB8001D252122232B02050609060D0F10191ADF
:100BC8002200290014001A000800150017001C0054
:100BD80018000C00120013002F0030002A002B0010
:100BE80004001600070009000A000B000D000E00A3
:100BF8000F003300340000002800E1001D001B0036
:100C080006001900050011001000360037003800F2
:100C180000000000E500E000E300E2002C002C00EA
:100C28002C0000002C00E600E700E40000000000B3
:100C3800225229003A003B003C003D003E003F00A4
:100C48004000410042004300440045002A002B00B8
:100C580004001600070009000A000B000D000E0032
:100C68000F003300340000002800E1001D001B00C5
:100C78000600190005001100100036003700380082
:100C880000000000E500E000E300E2002C002C007A
:100C98002C0000002C00E600E700E4000000000043
:100CA800225235001E001F002000210022002300D0
:100CB80024002500260027002D002E004C00067E6B
:100CC800007E017E027E057EAC00AE00AB00A8006F
:100CD800AA00A90031000000207801000100077E69
:100CE8003900010001000000035223782178277899
:100CF800000000002652577E0B700100037C037C25
:100D0800037C0000037C2A782878297800000000FA
:100D18000100290014001A000800150017001C0023
:100D280018000C00120013002F0030002A002B00BE
:100D380004001600070009000A000B000D000E0051
:100D48000F003300340000002800E1001D001B00E4
:100D580006001900050011001000360037003800A1
:100D680000000000E500E000E200E3002C002C0099
:100D78002C0000002C00E700E600E4000000000062
:100D8800255229003A003B003C003D003E003F0050
:100D98004000410042004300440045002A002B0067
:100DA80004001600070009000A000B000D000E00E1
:100DB8000F003300340000002800E1001D001B0074
:100DC8000600190005001100100036003700380031
:100DD80000000000E500E000E200E3002C002C0029
:100DE8002C0000002C00E700E600E40000000000F2
:100DF800255235001E001F0020002100220023007C
:100E080024002500260027002D002E004C00067E19
:100E1800007E017E027E057EAC00AE00AB00A8001D
:100E2800AA00A90031000000207801000100077E17
:100E3800390001000100005200002378217827784A
:100E4800000000002652577E0B700100037C037CD3
:100E5800037C0000037C2A782878297800000000A9
:100E6800010035020100010001000100010001003C
:100E780001000100087E010001000100007C010062
:100E8800097E0100010001000100010001000100CC
:100E9800087E0100010000000100010001000100BE
:100EA8000100010001000100010001000100010032
:100EB8000000000001000100010001000100010024
:100EC8004B000000010001000100010000000000CB
:100ED800010000000000FF550000000000000000B5
:100EE80000000000000000000000000000000000FA
:100EF800FF55FF55FF5500000000000000000000EE
:100F080000000000000000000000000000000000D9
:100F18000000000000000000000000000000FF5575
:100F280000000000000000000000000000000000B9
:100F3800000000000000FF55FF55FF5500000000AD
:100F4800000000000000FF0000000000000000009A
:100F58000000000000000000000000000000000089
:100F6800FF00FF00FF00000000000000000000007C
:100F78000000000000000000000000000000000069
:100F88000000000000000000000000000000FF005A
:100F98000000000000000000000000000000000049
:100FA800000000000000FF00FF00FF00000000003C
:100FB800000000000000FFAA000000000000000080
:100FC8000000000000000000000000000000000019
:100FD800FFAAFFAAFFAA000000000000000000000E
:100FE80000000000000000000000000000000000F9
:100FF8000000000000000000000000000000FFAA40
:1010080000000000000000000000000000000000D8
:10101800000000000000FFAAFFAAFFAA00000000CD
:1010280000000000000000000000000000000000B8
:1010380000000000000000000000000000000000A8
:101048000000000000000000000000000000000098
:101058000000000000000000000000000000000088
:101068000000000000000000000000000000000078
:101078000000000000000000000000000000000068
:101088000000000000000000000000000000000058
:101098000000E200E900EA00B500B600B700CD00A4
:1010A8008301CC008A0192019401210223022402C7
:1010B8002502260227022A02B300B4006F0070003E
:1010C8009F01CB019F02A0020008004001080040D8
:1010D8000208004003080040060000400A040040DF
:1010E8000B0400400C0400400D0400400E040040B6
:1010F8000A000040060800400708004008080040B1
:101108000200004003000040040000400D080040B9
:10111800296C6C756E2800296C696E2800003131C5
:10112800295A1B750A00000083B6000885B6000816
:101138009DB60008B9B60008000000000004004091
:101148000F0000000000000018000000000101016D
:10115800010101010101020202020202020202036C
:10116800030303030303030404040404040405053C
:1011780005050506060606060707070707080808FF
:1011880008090909090A0A0A0B0B0B0C0C0C0D0DAE
:101198000D0E0E0E0F0F0F10101111111212131346
:1011A8001414151516161717181819191A1A1B1BBF
:1011B8001C1D1D1E1E1F202021222223242425261B
:1011C80026272829292A2B2C2D2D2E2F3031323253
:1011D800333435363738393A3B3C3D3E3F4041425F
:1011E800434445464748494A4C4D4E4F5051535445
:1011F800555658595A5B5D5E5F61626465666869F9
:101208006B6C6D6F7072737577787A7B7D7E808278
:10121800838587888A8C8E8F91939596989A9C9EC1
:10122800A0A2A3A5A7A9ABADAFB1B3B5B7BABCBED1
:10123800C0C2C4C6C9CBCDCFD1D4D6D8DBDDDFE29E
:10124800E4E7E9EBEEF0F3F5F8FAFDFF0000000043
:101258000000000000000000000000000000000086
:101268000000000000000000000000000000000076
:10127800000000002A2B28000000000000000000E9
:101288000000000000000029000000002C1E34208F
:10129800212224342627252E362D3738271E1F20B5
:1012A8002122232425263333362E37381F040506FA
:1012B8000708090A0B0C0D0E0F101112131415163E
:1012C8001718191A1B1C1D2F3130232D350405063C
:1012D8000708090A0B0C0D0E0F101112131415161E
:1012E8001718191A1B1C1D2F3130354C000000002F
:1012F8007E0F00D4FFFFFFC7000000780300000046
:10130800000000006FCA000800000000080000008C
:101318004829002000000000020000000000000032
:1013280003000000000000006FCA00080000000071
:1013380020000000A4290020000000000200000096
:101348000000000029CD00088DCA000889CB0008DC
:1013580071CA0008381401083C1401085214010825
:101368000414100099130108B2130108D2130108DC
:10137800F413010864140108861401084422B6090C
:10138800025B00030100A0FA090400000103010147
:10139800000921110100012244000705810308000A
:1013A80001090401000203000000092111010001E4
:1013B80022220007058203200001070502032000FE
:1013C80001090402000103000000092111010001C4
:1013D80022B6000705830320000112010002000065
:1013E80000402D347AE409000102000105010906D4
:1013F800A101050719E029E71500250195087501E0
:1014080081029501750881010507190029FF15005A
:1014180026FF00950675088100050819012905159C
:10142800002501950575019102950175039101C08B
:10143800040309041403480061006E006700730088
:10144800680065006E006700000010035400690022
:101458006400650020003400390000000660FF09C0
:1014680061A1010962150026FF0095207508810217
:101478000963150026FF00952075089102C0050133
:101488000902A10185020901A1000509190129081C
:1014980015002501950875018102050109300931FA
:1014A8001581257F95027508810609381581257FE4
:1014B800950175088106050C0A38021581257F9566
:1014C8000175088106C0C005010980A101850319BD
:1014D800012AB700150126B700950175108100C0D3
:1014E800050C0901A101850419012AA0021501268C
:1014F800A002950175108100C005010906A10185AA
:1015080006050719E029E7150025019508750181E9
:10151800020507190029EF1500250195F0750181CD
:1015280002050819012905950575019102950175AE
:10153800039101C00000000031D1000821D100084A
:1015480051D1000841D100084BD100083BD1000817
:101558002BD100081BD1000800000000781C0108EE
:10156800C03C0020C03C0020C03C0020781C010882
:10157800000000000000000000000000781C0108C6
:10158800000000000000000000000000781C0108B6
:10159800000000000000000000000000781C0108A6
:1015A800000000000000000000000000781C010896
:1015B800000000000000000000000000781C010886
:1015C800000000000000000000000000781C010876
:1015D8000000000000000000000000006330000070
:1015E800E4150108E0290020F02A00206D61696EE9
:1015F8000069646C65000000000000000FE100084D
:10160800FFE000082FE100081FE1000829E10008B9
:1016180019E1000809E10008F9E0000839E10008CB
:1016280000000100000065786974006B696C6C004B
:10163800009600000300000000000000A9E5000873
:1016480029F1000885F1000840004000F02A002038
:10165800F02A002001000000042B0020E200E9002D
:10166800EA00B500B600B700CD008301CC008A01BE
:101678009201940121022302240225022602270254
:101688002A02B300B4006F0070009F01CB019F02D3
:10169800A0020001020304000549D1F80012054A1E
:1016A800114010B10448814200D0FEE770470000A5
:1016B80000F0FF1FFF3F00F08029003062747320A4
:1016C8006C69622076657273696F6E3A2076322E85
:1016D800382E32005245454E54206D616C6C6F6354
:1016E8002073756363656564656400002E2E2F2E74
:1016F8002E2F2E2E2F2E2E2F2E2E2F2E2E2F2E2EFD
:101708002F2E2E2F6E65776C69622F6C6962632F9E
:101718007374646C69622F72616E642E63000000DA
:101728002C2066756E6374696F6E3A2000000000A5
:10173800617373657274696F6E2022257322206647
:1017480061696C65643A2066696C6520222573229C
:101758002C206C696E65202564257325730A0000AA
:10176800232D302B20000000686C4C00656667450F
:101778004647000030313233343536373839414244
:1017880043444546000000003031323334353637A3
:0C1798003839616263646566000000007F
:0817A40078EAFE7F010000005D
:1017AC00040C00200000000014080108F4070108D4
:1017BC00D407010800000000000000000000000039
:1017CC00000000000000000000000000000000000D
:1017DC0000000000000000000000000000000000FD
:1017EC0000000000000000000000000000000000ED
:1017FC0000000000000000000000000000000000DD
:10180C00000000008B080108950801089F080108DA
:10181C00A9080108B1080108000000000000000040
:10182C00000000000000000005C4000851C40008BE
:10183C0065C4000879C400088DC4000865C9000897
:10184C004927000800000000000000000000000014
:10185C00A1270008653A0008893A00088D24000881
:10186C0029280008DD22000800000000B80B000049
:10187C00007E000000000000B80B0000017E00009C
:10188C0000000000B80B0000027E00000000000009
:10189C00B80B0000037E000000000000B80B000035
:1018AC00047E000000000000B80B0000057E000064
:1018BC0000000000B80B0000437E00000000000098
:1018CC00B80B0000037C000000000000B80B000007
:1018DC00137E000000000000B80B0000147E000016
:1018EC0000000000B80B0000157E00000000FF0097
:1018FC0031302F2E2D2C2B2A29282726252417185A
:10190C00191A1B1C1D1E1F202122FF231615141330
:10191C001211100F0E0D0CFFFF0B0001020304053A
:10192C00FF06070809FFFF0A00401140224034401F
:10193C005640564078408A409B40AC40E040E02BFB
:10194C00AC2B9B2B8A2B782B672B562B452B342BB4
:10195C00222B112B002B00151115221534154515B2
:10196C005615671578158A159B15AC15BD15E01520
:10197C00E000CE00BD00AC009B008A007800670040
:10198C005600450034002200110000000404040439
:10199C0004040404040404040404040404040404FB
:1019AC0004040404040404040404040404040404EB
:1019BC0004040404040404040404040404040100E2
:1019CC00FA00000000000000010000000000000010
:1019DC00180000003943000800FF0000FA00000066
:1019EC0000000000010000000000000019000000D1
:1019FC00394300080000FF00FA000000000000005E
:101A0C0001000000000000001A000000394300082B
:101A1C0000FF0000FA0000000000000001000000C0
:101A2C00000000001B0000003943000800FF00000C
:101A3C00FA0000000000000001000000000000009F
:101A4C00170000003943000800FF0000FA000000F6
:101A5C000000000001000000000000001000000069
:101A6C0000000000FFFFFF00FA0000000000000073
:101A7C0001000000000000000F000000000000004A
:101A8C00FFFFFF00FA000000000000000300000050
:101A9C0000000000FA0000006D4C0008000000007F
:101AAC00FA0000000000000003000000000000002D
:101ABC00FB000000E14D000800000000FA000000EF
:101ACC00000000000300000000000000FF00000008
:101ADC00654E00086E00000000000000B80B00000E
:101AEC00577E000000000000B80B0000587E00007C
:101AFC0078130020657B000801140A1E0150082889
:101B0C0000FF00FFFF0339050301020000960000EF
:101B1C0003000000FFFFFFFF0400000004000000B2
:101B2C0000000000000000000000000000000000A9
:101B3C000000000000000000000000000000000099
:101B4C000000000000000000000000000000000089
:101B5C000000000000000000000000000300000076
:101B6C00000000003BD30008B1D300082000200087
:101B7C000000000000000000020000000000000057
:101B8C000300000000000000EFD30008000000007C
:101B9C00080000000000000000000000020000002F
:101BAC00000000006C3C0020020200000400000059
:101BBC0004000000200000002000000000000000D5
:101BCC0020280020B02800200000000000000000A9
:101BDC0000000000000000000000000000000000F9
:101BEC0000000000000000000000000000000000E9
:101BFC0000000000000000000000000000000000D9
:101C0C0000000000000000000000000000000000C8
:101C1C0000000000000000000000000000000000B8
:101C2C0000000000000000000000000000000000A8
:101C3C000000000000000000000000000000000098
:101C4C000000000000000000010000001DCF000893
:101C5C0039CF00087DCF00089DCF0008009600000A
:0C1C6C000000080000A24A040A32000038
:04000005080001B935
:00000001FF
